-- phpMyAdmin SQL Dump
-- version 4.1.4
-- http://www.phpmyadmin.net
--
-- Client :  127.0.0.1
-- Généré le :  Sam 31 Mars 2018 à 06:50
-- Version du serveur :  5.6.15-log
-- Version de PHP :  5.5.8

SET SQL_MODE = "NO_AUTO_VALUE_ON_ZERO";
SET time_zone = "+00:00";


/*!40101 SET @OLD_CHARACTER_SET_CLIENT=@@CHARACTER_SET_CLIENT */;
/*!40101 SET @OLD_CHARACTER_SET_RESULTS=@@CHARACTER_SET_RESULTS */;
/*!40101 SET @OLD_COLLATION_CONNECTION=@@COLLATION_CONNECTION */;
/*!40101 SET NAMES utf8 */;

--
-- Base de données :  `foe2`
--

-- --------------------------------------------------------

--
-- Structure de la table `account`
--

CREATE TABLE IF NOT EXISTS `account` (
  `account_id` int(11) NOT NULL AUTO_INCREMENT,
  `user` varchar(15) NOT NULL,
  `pass` varchar(32) NOT NULL,
  PRIMARY KEY (`account_id`),
  UNIQUE KEY `user` (`user`)
) ENGINE=MyISAM  DEFAULT CHARSET=utf8 AUTO_INCREMENT=220 ;

--
-- Contenu de la table `account`
--

INSERT INTO `account` (`account_id`, `user`, `pass`) VALUES
(179, 'spouk', '4861b233d39eb8743d1c5523e5fe33dd'),
(180, 'bisondu83', '8b30931b0ca3b5c1e2235a1be7df9d3f'),
(181, 'lapetitemomo', '1c93a73e560527bd6e9460bf94689eb8'),
(182, 'fafaefaef', '7fa8282ad93047a4d6fe6111c93b308a'),
(183, 'vzrvrzv', '96e79218965eb72c92a549dd5a330112'),
(184, 'truc', '96e79218965eb72c92a549dd5a330112'),
(185, 'babass522', '4861b233d39eb8743d1c5523e5fe33dd'),
(186, 'babass52', 'f79db4f379eec4f1b01a3e041bce01dc'),
(187, 'babass', '690894aadae757ead8fef3ce61c47777'),
(219, 'titiboulet', 'da64a6a6b5af2833d86905cccfb54e46'),
(189, 'laurent241169', '2d504ef289cc1b59b7e21af1c10250d4'),
(190, 'mahcin', '4861b233d39eb8743d1c5523e5fe33dd'),
(191, 'bidule', '4861b233d39eb8743d1c5523e5fe33dd'),
(192, 'test', '4861b233d39eb8743d1c5523e5fe33dd'),
(193, 'test2', '4861b233d39eb8743d1c5523e5fe33dd'),
(194, 'zrgz', '96e79218965eb72c92a549dd5a330112'),
(195, 'bazan gngko', 'ca72e015801a82ec7fe0ba4afd2e7d54'),
(196, 'dum72', 'b709d9628315846e152104df3837d51f'),
(197, 'cafarnaum94', 'cab8afb7f04a1c01576e20099d22d1e6'),
(198, 'Jeremiah', 'd806fef277ad5fec2a857eea9ad95204'),
(199, 'ikomage', '0d96c8e954b64762e2b76ef14735dcf0'),
(200, 'truc2', '4861b233d39eb8743d1c5523e5fe33dd'),
(201, 'genepy', '39baf797ae823d1a99a3ec44068587ce'),
(202, 'pyksou', '882baf28143fb700b388a87ef561a6e5'),
(203, 'Bimouss', '254285a444874a2c2fb18ee1f8337932'),
(204, 'titanne.foe', 'b423064973c3ba1dd723f4a551cd2b13'),
(205, 'remi1974', '87d854d622b140c29cb2b3ae4b015583'),
(206, 'offrench', 'db54fb9e85a68ee581911c517f1fd4b8'),
(207, 'jujug77', '919961a55771f911fd9eaf358324eab3'),
(208, 'efaefae', '7fa8282ad93047a4d6fe6111c93b308a'),
(209, 'zffz', '96e79218965eb72c92a549dd5a330112'),
(210, 'bazan', 'b25ab6fce479be728f14aab7fba5d167'),
(211, 'truc3', '96e79218965eb72c92a549dd5a330112'),
(212, 'eavav', '96e79218965eb72c92a549dd5a330112'),
(213, 'efe', '96e79218965eb72c92a549dd5a330112'),
(214, 'ggeg', '279c1d6d4df12cc2714f6f8294c38d70'),
(215, 'eettet', '7fa8282ad93047a4d6fe6111c93b308a'),
(216, 'test5', '96e79218965eb72c92a549dd5a330112'),
(217, 'test6', '4861b233d39eb8743d1c5523e5fe33dd'),
(218, 'Eithernoow', '8a580d0bbda670f01abbbbb9e1da1bbb');

-- --------------------------------------------------------

--
-- Structure de la table `age`
--

CREATE TABLE IF NOT EXISTS `age` (
  `id_age` int(11) NOT NULL AUTO_INCREMENT,
  `age_name` varchar(20) NOT NULL,
  PRIMARY KEY (`id_age`)
) ENGINE=MyISAM  DEFAULT CHARSET=utf8 AUTO_INCREMENT=15 ;

--
-- Contenu de la table `age`
--

INSERT INTO `age` (`id_age`, `age_name`) VALUES
(1, 'Age du Bronze'),
(2, 'Age du Fer'),
(3, 'Haut Moyen Age'),
(4, 'Moyen Age Classique'),
(5, 'Renaissance'),
(6, 'Age Colonial'),
(7, 'Age Industriel'),
(8, 'Ere Progressiste'),
(9, 'Ere Moderne'),
(10, 'Ere Postmoderne'),
(11, 'Ere Contemporaine'),
(12, 'Demain'),
(13, 'Ere du Futur'),
(14, 'Futur Arctique');

-- --------------------------------------------------------

--
-- Structure de la table `comment`
--

CREATE TABLE IF NOT EXISTS `comment` (
  `id` int(11) NOT NULL AUTO_INCREMENT,
  `news_id` int(11) NOT NULL,
  `user_id` int(11) NOT NULL,
  `date` int(11) NOT NULL,
  `content` text NOT NULL,
  PRIMARY KEY (`id`)
) ENGINE=MyISAM  DEFAULT CHARSET=utf8 AUTO_INCREMENT=38 ;

--
-- Contenu de la table `comment`
--

INSERT INTO `comment` (`id`, `news_id`, `user_id`, `date`, `content`) VALUES
(35, 38, 187, 1450127391, 'Super Boulot :-) Programmateur au top :-)'),
(36, 38, 179, 1452620074, '<wfqgq W w<wsf;:l!i^$èçàèr(iehrsb(èétgb'),
(34, 38, 205, 1448567775, 'Impec :) je commence à peine à parcourir... mais suis conquis par le rendu et ose à peine imaginer le travail nécessaire pour réaliser un tel site !\nBravo !'),
(37, 38, 179, 1452620113, '<div><p>vaeveavav</p></div>'),
(32, 38, 203, 1448567551, 'Au top !');

-- --------------------------------------------------------

--
-- Structure de la table `gm`
--

CREATE TABLE IF NOT EXISTS `gm` (
  `gmId` int(11) NOT NULL AUTO_INCREMENT,
  `gmName` varchar(40) NOT NULL,
  `ageId` int(11) NOT NULL,
  `gmImage` varchar(25) NOT NULL,
  PRIMARY KEY (`gmId`)
) ENGINE=MyISAM  DEFAULT CHARSET=utf8 AUTO_INCREMENT=29 ;

--
-- Contenu de la table `gm`
--

INSERT INTO `gm` (`gmId`, `gmName`, `ageId`, `gmImage`) VALUES
(1, 'Observatoire', 1, 'observatoire.png'),
(2, 'Zeus', 1, 'zeus.png'),
(3, 'Babel', 1, 'babel.png'),
(4, 'Phare d''Alexandrie', 2, 'phare.png'),
(5, 'Colisée', 2, 'Colosseum.png'),
(6, 'Aix la chapelle', 3, 'aix.png'),
(7, 'Hagia Sophia', 3, 'Hagia_Sophia.png'),
(8, 'Basilic Saint Marc', 4, 'st_marc.png'),
(9, 'Notre Dame', 4, 'Notre_Dame.png'),
(10, 'Cathédrale Sainte Basile', 5, 'st_basil.png'),
(11, 'Castel Del Monte', 5, 'Castel_del_Monte.png'),
(12, 'Château de Deal', 6, 'DealCastle.png'),
(13, 'Frauenkirche de Dresde', 6, 'DresdenFrauenkirche.png'),
(14, 'Capitole', 7, 'Capitol.png'),
(15, 'Royal Albert Hall', 7, 'Royalalberthall.png'),
(16, 'Château de Frontenac', 8, 'Château_Frontenac.png'),
(17, 'Alcatraz', 8, 'Alcatraz.png'),
(18, 'Space Needle', 9, 'Space_Needle.png'),
(19, 'Atomium', 9, 'Atomium.png'),
(20, 'Cap Canaveral', 10, 'Cape_Canaveral.png'),
(21, 'L''Habitat', 10, 'The_Habitat.png'),
(22, 'Tour de l''innovation', 11, 'Innovation_Tower.png'),
(23, 'Temple du Lotus', 11, 'Lotus_Temple.png'),
(24, 'Voyager V1', 12, 'Voyager_V1.png'),
(25, 'Dynamic Tower', 12, 'Dynamic_Tower.png'),
(26, 'Forêt tropicale', 13, 'Rain_Forest_Project.png'),
(27, 'L''Arche', 13, 'The_Arc.png'),
(28, 'Statue de Gaïa', 14, 'Gaea.png');

-- --------------------------------------------------------

--
-- Structure de la table `gm_list`
--

CREATE TABLE IF NOT EXISTS `gm_list` (
  `gmListId` int(11) NOT NULL AUTO_INCREMENT,
  `playerId` int(11) NOT NULL,
  `gmId` int(11) NOT NULL,
  `level` int(11) NOT NULL,
  `pfAmount` int(11) NOT NULL,
  `pfMax` int(11) NOT NULL,
  `podiumTab` text NOT NULL,
  `dateMajPf` int(11) NOT NULL,
  `dateMajPodium` int(11) NOT NULL,
  PRIMARY KEY (`gmListId`)
) ENGINE=MyISAM  DEFAULT CHARSET=utf8 AUTO_INCREMENT=165 ;

--
-- Contenu de la table `gm_list`
--

INSERT INTO `gm_list` (`gmListId`, `playerId`, `gmId`, `level`, `pfAmount`, `pfMax`, `podiumTab`, `dateMajPf`, `dateMajPodium`) VALUES
(164, 140, 28, 4, 100, 100, '', 1464114710, 0),
(163, 140, 7, 0, 0, 0, '', 0, 0),
(162, 140, 5, 0, 0, 0, '', 0, 0);

-- --------------------------------------------------------

--
-- Structure de la table `guild`
--

CREATE TABLE IF NOT EXISTS `guild` (
  `id` int(11) NOT NULL AUTO_INCREMENT,
  `name` varchar(50) NOT NULL,
  `world_id` int(11) NOT NULL,
  PRIMARY KEY (`id`)
) ENGINE=MyISAM  DEFAULT CHARSET=utf8 AUTO_INCREMENT=89 ;

--
-- Contenu de la table `guild`
--

INSERT INTO `guild` (`id`, `name`, `world_id`) VALUES
(82, 'test', 12),
(76, 'truc', 1),
(77, 'guilde babass', 12),
(87, 'test2', 7),
(88, 'test', 7);

-- --------------------------------------------------------

--
-- Structure de la table `level`
--

CREATE TABLE IF NOT EXISTS `level` (
  `id` int(11) NOT NULL AUTO_INCREMENT,
  `name` varchar(15) NOT NULL,
  `fullName` varchar(20) NOT NULL,
  PRIMARY KEY (`id`)
) ENGINE=MyISAM  DEFAULT CHARSET=utf8 AUTO_INCREMENT=4 ;

--
-- Contenu de la table `level`
--

INSERT INTO `level` (`id`, `name`, `fullName`) VALUES
(1, 'admin', 'administrateur'),
(2, 'coming', 'en attente'),
(3, 'member', 'membre');

-- --------------------------------------------------------

--
-- Structure de la table `message`
--

CREATE TABLE IF NOT EXISTS `message` (
  `messageId` int(11) NOT NULL AUTO_INCREMENT,
  `message` text NOT NULL,
  `dateMessage` int(11) NOT NULL,
  `fromPlayerId` int(11) DEFAULT NULL,
  `fromAccountId` int(11) DEFAULT NULL,
  `title` varchar(80) DEFAULT NULL,
  `link` int(11) DEFAULT NULL,
  PRIMARY KEY (`messageId`)
) ENGINE=MyISAM  DEFAULT CHARSET=utf8 AUTO_INCREMENT=169 ;

--
-- Contenu de la table `message`
--

INSERT INTO `message` (`messageId`, `message`, `dateMessage`, `fromPlayerId`, `fromAccountId`, `title`, `link`) VALUES
(168, 'Bonjour, Bimouss souhaiterai rejoindre la guilde.\r\n	Vous pouvez accepter sa demande dans la section administration de guilde.', 1455648984, 165, NULL, 'Nouveau membre', NULL);

-- --------------------------------------------------------

--
-- Structure de la table `message_link`
--

CREATE TABLE IF NOT EXISTS `message_link` (
  `message_linkId` int(11) NOT NULL AUTO_INCREMENT,
  `toPlayerId` int(11) DEFAULT NULL,
  `toAccountId` int(11) DEFAULT NULL,
  `messageId` int(11) NOT NULL,
  `everRead` int(11) NOT NULL,
  PRIMARY KEY (`message_linkId`)
) ENGINE=MyISAM  DEFAULT CHARSET=utf8 AUTO_INCREMENT=174 ;

--
-- Contenu de la table `message_link`
--

INSERT INTO `message_link` (`message_linkId`, `toPlayerId`, `toAccountId`, `messageId`, `everRead`) VALUES
(173, 165, 0, 168, 1),
(172, 150, 0, 168, 0),
(170, 139, 0, 168, 1),
(171, 140, 0, 168, 1);

-- --------------------------------------------------------

--
-- Structure de la table `news`
--

CREATE TABLE IF NOT EXISTS `news` (
  `id` int(11) NOT NULL AUTO_INCREMENT,
  `title` varchar(80) NOT NULL,
  `content` text NOT NULL,
  `date` int(11) NOT NULL,
  PRIMARY KEY (`id`)
) ENGINE=MyISAM  DEFAULT CHARSET=utf8 AUTO_INCREMENT=39 ;

--
-- Contenu de la table `news`
--

INSERT INTO `news` (`id`, `title`, `content`, `date`) VALUES
(37, 'Test et info', 'Salut à tous!\r\n\r\nVoici la première version du site sur le point d''aboutir. \r\n\r\nLes nouveautés:\r\n- système de news avec commentaire\r\n- nouvelle interface avec quelque réglages\r\n- intégration de l''age du futur avec les ressources\r\n\r\nJ''attends de votre part des critiques, trouver des bugs, failles de sécurités, des fautes d''orthographes, des idées complémentaires, etc...\r\n\r\nLes commentaires sont là pour ça, alors n''hésitez pas!\r\n\r\nProchainement en voie de développement: \r\n- Module pour la gestion des recherches avec possibilité de relever les besoins en ressources pour la recherche souhaitée. Pour pouvoir faire la dernière recherche de l''age en cours lorsque vous êtes qu''à la première, il suffira de cliquer dessus et le total de besoin de ressources sera indiqué. \r\n\r\nEt merci à tous!\r\n\r\nSpouk\r\n\r\n\r\n', 1446996037),
(38, 'Mise à jour', 'Salut à tous!\r\n\r\nVoila à présent la partie "recherche" pratiquement terminée. Le plus dur est fait. Actuellement, 2 ages sont rentrées en base de données, suffisant pour faire les premiers test. La semaine prochaine, je finaliserai le contenu et le rendu, ainsi que quelque options supplémentaires, comme donnée une estimation du temps qu''il faudra pour atteindre la recherche sélectionné en fonction de votre production de pf et de ressources.\r\n\r\nJ''attends vos avis, suggestions, etc...\r\n\r\nMerci à mes testeurs préférés! ', 1448211069);

-- --------------------------------------------------------

--
-- Structure de la table `pf`
--

CREATE TABLE IF NOT EXISTS `pf` (
  `id` int(11) NOT NULL AUTO_INCREMENT,
  `seek_id` int(11) NOT NULL,
  `pf` int(11) NOT NULL,
  `unlocked` int(11) NOT NULL,
  `player_id` int(11) NOT NULL,
  PRIMARY KEY (`id`)
) ENGINE=MyISAM  DEFAULT CHARSET=utf8 AUTO_INCREMENT=1762 ;

--
-- Contenu de la table `pf`
--

INSERT INTO `pf` (`id`, `seek_id`, `pf`, `unlocked`, `player_id`) VALUES
(1, 1, 3, 1, 140),
(2, 6, 5, 1, 140),
(3, 8, 6, 1, 140),
(4, 41, 17, 1, 140),
(5, 7, 5, 1, 140),
(6, 28, 11, 1, 140),
(7, 2, 3, 1, 140),
(8, 3, 3, 1, 140),
(9, 5, 5, 1, 140),
(10, 4, 4, 1, 140),
(11, 12, 6, 1, 140),
(12, 11, 6, 1, 140),
(13, 16, 8, 1, 140),
(14, 13, 5, 1, 140),
(15, 17, 7, 1, 140),
(16, 18, 6, 1, 140),
(17, 21, 10, 1, 140),
(18, 9, 3, 1, 140),
(19, 10, 5, 1, 140),
(20, 14, 5, 1, 140),
(21, 15, 8, 1, 140),
(22, 20, 9, 1, 140),
(23, 26, 12, 1, 140),
(24, 23, 13, 1, 140),
(25, 19, 7, 1, 140),
(26, 41, 17, 0, 162),
(27, 37, 13, 0, 162),
(28, 32, 13, 1, 162),
(29, 33, 13, 0, 162),
(30, 26, 12, 1, 162),
(31, 27, 13, 1, 162),
(32, 28, 11, 0, 162),
(33, 23, 13, 1, 162),
(34, 24, 12, 1, 162),
(35, 25, 14, 0, 162),
(36, 19, 7, 1, 162),
(37, 20, 9, 1, 162),
(38, 21, 10, 1, 162),
(39, 22, 8, 1, 162),
(40, 15, 8, 1, 162),
(41, 16, 8, 1, 162),
(42, 17, 7, 1, 162),
(43, 11, 6, 1, 162),
(44, 12, 6, 1, 162),
(45, 6, 5, 1, 162),
(46, 7, 5, 1, 162),
(47, 8, 6, 1, 162),
(48, 4, 4, 1, 162),
(49, 5, 5, 1, 162),
(50, 1, 3, 1, 162),
(51, 2, 3, 1, 162),
(52, 3, 3, 1, 162),
(53, 18, 6, 1, 162),
(54, 13, 5, 1, 162),
(55, 14, 5, 1, 162),
(56, 9, 3, 1, 162),
(57, 35, 16, 0, 162),
(58, 10, 5, 0, 162),
(59, 1, 3, 1, 163),
(60, 41, 17, 1, 164),
(61, 37, 13, 1, 164),
(62, 32, 13, 1, 164),
(63, 33, 13, 1, 164),
(64, 26, 12, 1, 164),
(65, 27, 13, 1, 164),
(66, 28, 11, 1, 164),
(67, 23, 13, 1, 164),
(68, 24, 12, 1, 164),
(69, 25, 14, 1, 164),
(70, 19, 7, 1, 164),
(71, 20, 9, 1, 164),
(72, 21, 10, 1, 164),
(73, 22, 8, 1, 164),
(74, 15, 8, 1, 164),
(75, 16, 8, 1, 164),
(76, 17, 7, 1, 164),
(77, 11, 6, 1, 164),
(78, 12, 6, 1, 164),
(79, 6, 5, 1, 164),
(80, 7, 5, 1, 164),
(81, 8, 6, 1, 164),
(82, 4, 4, 1, 164),
(83, 5, 5, 1, 164),
(84, 1, 3, 1, 164),
(85, 2, 3, 1, 164),
(86, 3, 3, 1, 164),
(87, 40, 15, 1, 164),
(88, 39, 17, 1, 164),
(89, 38, 20, 1, 164),
(90, 36, 22, 1, 164),
(91, 35, 16, 1, 164),
(92, 24, 12, 1, 140),
(93, 25, 14, 1, 140),
(94, 22, 8, 1, 140),
(95, 32, 13, 1, 140),
(96, 27, 13, 1, 140),
(97, 35, 16, 1, 140),
(98, 33, 13, 1, 140),
(99, 29, 6, 1, 140),
(100, 34, 5, 1, 140),
(101, 30, 13, 1, 140),
(102, 36, 22, 1, 140),
(103, 37, 13, 1, 140),
(104, 31, 11, 1, 140),
(105, 31, 11, 1, 164),
(106, 34, 5, 1, 164),
(107, 29, 6, 1, 164),
(108, 30, 13, 1, 164),
(109, 18, 6, 1, 164),
(110, 13, 5, 1, 164),
(111, 14, 5, 1, 164),
(112, 9, 3, 1, 164),
(113, 10, 5, 1, 164),
(114, 46, 25, 1, 140),
(115, 42, 12, 1, 140),
(116, 43, 18, 0, 140),
(117, 38, 20, 1, 140),
(118, 39, 17, 1, 140),
(119, 47, 26, 1, 140),
(120, 52, 26, 1, 140),
(121, 55, 33, 1, 140),
(122, 40, 15, 1, 140),
(123, 44, 23, 1, 140),
(124, 45, 20, 0, 140),
(125, 50, 25, 1, 140),
(126, 53, 29, 1, 140),
(127, 1, 3, 1, 167),
(128, 2, 3, 1, 167),
(129, 3, 3, 1, 167),
(130, 4, 4, 1, 167),
(131, 5, 5, 1, 167),
(132, 6, 5, 1, 167),
(133, 7, 5, 1, 167),
(134, 8, 6, 1, 167),
(135, 9, 3, 0, 167),
(136, 10, 5, 0, 167),
(137, 11, 6, 1, 167),
(138, 12, 6, 1, 167),
(139, 13, 5, 0, 167),
(140, 14, 5, 0, 167),
(141, 15, 8, 1, 167),
(142, 16, 8, 1, 167),
(143, 17, 7, 1, 167),
(144, 18, 6, 0, 167),
(145, 19, 7, 1, 167),
(146, 20, 9, 1, 167),
(147, 21, 10, 1, 167),
(148, 22, 8, 1, 167),
(149, 237, 145, 1, 140),
(150, 234, 118, 1, 140),
(151, 235, 60, 1, 140),
(152, 231, 94, 1, 140),
(153, 232, 68, 1, 140),
(154, 227, 94, 1, 140),
(155, 228, 66, 1, 140),
(156, 223, 68, 1, 140),
(157, 224, 20, 1, 140),
(158, 225, 127, 1, 140),
(159, 222, 140, 1, 140),
(160, 221, 107, 1, 140),
(161, 218, 90, 1, 140),
(162, 219, 42, 1, 140),
(163, 220, 92, 1, 140),
(164, 215, 44, 1, 140),
(165, 216, 97, 1, 140),
(166, 217, 108, 1, 140),
(167, 210, 99, 1, 140),
(168, 211, 61, 1, 140),
(169, 212, 110, 1, 140),
(170, 213, 82, 1, 140),
(171, 214, 105, 1, 140),
(172, 205, 95, 1, 140),
(173, 206, 75, 1, 140),
(174, 207, 104, 1, 140),
(175, 208, 60, 1, 140),
(176, 209, 101, 1, 140),
(177, 204, 58, 1, 140),
(178, 202, 121, 1, 140),
(179, 203, 117, 1, 140),
(180, 200, 76, 1, 140),
(181, 201, 93, 1, 140),
(182, 197, 101, 1, 140),
(183, 198, 66, 1, 140),
(184, 199, 92, 1, 140),
(185, 193, 5, 1, 140),
(186, 195, 123, 1, 140),
(187, 196, 50, 1, 140),
(188, 188, 77, 1, 140),
(189, 189, 99, 1, 140),
(190, 190, 76, 1, 140),
(191, 191, 82, 1, 140),
(192, 192, 88, 1, 140),
(193, 183, 53, 1, 140),
(194, 184, 110, 1, 140),
(195, 185, 45, 1, 140),
(196, 186, 47, 1, 140),
(197, 187, 120, 1, 140),
(198, 182, 45, 1, 140),
(199, 180, 112, 1, 140),
(200, 181, 70, 1, 140),
(201, 177, 58, 1, 140),
(202, 179, 56, 1, 140),
(203, 178, 109, 1, 140),
(204, 173, 110, 1, 140),
(205, 174, 77, 1, 140),
(206, 175, 111, 1, 140),
(207, 168, 79, 1, 140),
(208, 169, 59, 1, 140),
(209, 170, 62, 1, 140),
(210, 171, 67, 1, 140),
(211, 172, 73, 1, 140),
(212, 165, 102, 1, 140),
(213, 166, 57, 1, 140),
(214, 167, 85, 1, 140),
(215, 164, 52, 1, 140),
(216, 161, 98, 1, 140),
(217, 163, 79, 1, 140),
(218, 158, 73, 1, 140),
(219, 160, 88, 1, 140),
(220, 153, 43, 1, 140),
(221, 154, 65, 1, 140),
(222, 156, 68, 1, 140),
(223, 157, 47, 1, 140),
(224, 148, 90, 1, 140),
(225, 149, 48, 1, 140),
(226, 151, 35, 1, 140),
(227, 152, 51, 1, 140),
(228, 144, 55, 1, 140),
(229, 145, 55, 1, 140),
(230, 146, 55, 1, 140),
(231, 147, 85, 1, 140),
(232, 143, 75, 1, 140),
(233, 141, 37, 1, 140),
(234, 136, 80, 1, 140),
(235, 137, 33, 1, 140),
(236, 138, 73, 1, 140),
(237, 133, 30, 1, 140),
(238, 134, 68, 1, 140),
(239, 130, 58, 1, 140),
(240, 131, 42, 1, 140),
(241, 126, 48, 1, 140),
(242, 127, 110, 1, 140),
(243, 128, 110, 1, 140),
(244, 129, 48, 1, 140),
(245, 124, 60, 1, 140),
(246, 125, 70, 1, 140),
(247, 122, 68, 1, 140),
(248, 123, 40, 1, 140),
(249, 119, 58, 1, 140),
(250, 120, 45, 1, 140),
(251, 121, 45, 1, 140),
(252, 116, 51, 1, 140),
(253, 117, 38, 1, 140),
(254, 118, 58, 1, 140),
(255, 113, 59, 1, 140),
(256, 114, 53, 1, 140),
(257, 115, 43, 1, 140),
(258, 109, 54, 1, 140),
(259, 110, 35, 1, 140),
(260, 111, 73, 1, 140),
(261, 112, 58, 1, 140),
(262, 108, 36, 1, 140),
(263, 105, 56, 1, 140),
(264, 106, 38, 1, 140),
(265, 101, 70, 1, 140),
(266, 103, 60, 1, 140),
(267, 98, 45, 1, 140),
(268, 99, 80, 1, 140),
(269, 100, 55, 1, 140),
(270, 94, 38, 1, 140),
(271, 95, 80, 1, 140),
(272, 96, 43, 1, 140),
(273, 90, 30, 1, 140),
(274, 91, 35, 1, 140),
(275, 92, 65, 1, 140),
(276, 93, 49, 1, 140),
(277, 87, 30, 1, 140),
(278, 88, 60, 1, 140),
(279, 89, 58, 1, 140),
(280, 84, 52, 1, 140),
(281, 85, 60, 1, 140),
(282, 81, 50, 1, 140),
(283, 82, 50, 1, 140),
(284, 77, 60, 1, 140),
(285, 79, 40, 1, 140),
(286, 74, 40, 1, 140),
(287, 76, 40, 1, 140),
(288, 70, 40, 1, 140),
(289, 73, 35, 1, 140),
(290, 66, 45, 1, 140),
(291, 69, 30, 1, 140),
(292, 63, 40, 1, 140),
(293, 65, 37, 1, 140),
(294, 60, 35, 1, 140),
(295, 57, 16, 1, 140),
(296, 58, 20, 1, 140),
(297, 54, 24, 1, 140),
(298, 56, 30, 1, 140),
(299, 51, 26, 1, 140),
(300, 238, 145, 1, 140),
(301, 236, 53, 1, 140),
(302, 233, 129, 1, 140),
(303, 229, 118, 1, 140),
(304, 230, 79, 1, 140),
(305, 226, 102, 1, 140),
(306, 239, 90, 1, 140),
(307, 240, 133, 1, 140),
(308, 245, 97, 1, 140),
(309, 241, 71, 1, 140),
(310, 246, 109, 1, 140),
(311, 242, 112, 1, 140),
(312, 243, 77, 1, 140),
(313, 247, 95, 1, 140),
(314, 248, 73, 1, 140),
(315, 244, 103, 1, 140),
(316, 249, 108, 1, 140),
(317, 250, 109, 1, 140),
(318, 251, 57, 1, 140),
(319, 252, 77, 1, 140),
(320, 253, 119, 1, 140),
(321, 254, 91, 1, 140),
(322, 255, 74, 1, 140),
(323, 256, 84, 1, 140),
(324, 257, 118, 1, 140),
(325, 258, 98, 1, 140),
(326, 259, 82, 1, 140),
(327, 78, 30, 1, 140),
(328, 75, 30, 1, 140),
(329, 71, 26, 1, 140),
(330, 72, 43, 1, 140),
(331, 67, 33, 1, 140),
(332, 68, 20, 1, 140),
(333, 64, 30, 1, 140),
(334, 49, 2, 0, 150),
(335, 157, 47, 1, 150),
(336, 152, 51, 1, 150),
(337, 147, 85, 1, 150),
(338, 143, 75, 1, 150),
(339, 141, 37, 1, 150),
(340, 136, 80, 1, 150),
(341, 137, 33, 1, 150),
(342, 138, 73, 1, 150),
(343, 133, 30, 1, 150),
(344, 134, 68, 1, 150),
(345, 130, 58, 1, 150),
(346, 131, 42, 1, 150),
(347, 126, 48, 1, 150),
(348, 127, 110, 1, 150),
(349, 128, 110, 1, 150),
(350, 129, 48, 1, 150),
(351, 124, 60, 1, 150),
(352, 125, 70, 1, 150),
(353, 122, 68, 1, 150),
(354, 123, 40, 1, 150),
(355, 119, 58, 1, 150),
(356, 120, 45, 1, 150),
(357, 121, 45, 1, 150),
(358, 116, 51, 1, 150),
(359, 117, 38, 1, 150),
(360, 118, 58, 1, 150),
(361, 113, 59, 1, 150),
(362, 114, 53, 1, 150),
(363, 115, 43, 1, 150),
(364, 109, 54, 1, 150),
(365, 110, 35, 1, 150),
(366, 111, 73, 1, 150),
(367, 112, 58, 1, 150),
(368, 108, 36, 1, 150),
(369, 105, 56, 1, 150),
(370, 106, 38, 1, 150),
(371, 101, 70, 1, 150),
(372, 103, 60, 1, 150),
(373, 98, 45, 1, 150),
(374, 99, 80, 1, 150),
(375, 100, 55, 1, 150),
(376, 94, 38, 1, 150),
(377, 95, 80, 1, 150),
(378, 96, 43, 1, 150),
(379, 90, 30, 1, 150),
(380, 91, 35, 1, 150),
(381, 92, 65, 1, 150),
(382, 93, 49, 1, 150),
(383, 87, 30, 1, 150),
(384, 88, 60, 1, 150),
(385, 89, 58, 1, 150),
(386, 84, 52, 1, 150),
(387, 85, 60, 1, 150),
(388, 81, 50, 1, 150),
(389, 82, 50, 1, 150),
(390, 77, 60, 1, 150),
(391, 79, 40, 1, 150),
(392, 74, 40, 1, 150),
(393, 76, 40, 1, 150),
(394, 70, 40, 1, 150),
(395, 73, 35, 1, 150),
(396, 66, 45, 1, 150),
(397, 69, 30, 1, 150),
(398, 63, 40, 1, 150),
(399, 65, 37, 1, 150),
(400, 60, 35, 1, 150),
(401, 57, 16, 1, 150),
(402, 58, 20, 1, 150),
(403, 54, 24, 1, 150),
(404, 55, 33, 1, 150),
(405, 56, 30, 1, 150),
(406, 50, 25, 1, 150),
(407, 51, 26, 1, 150),
(408, 52, 26, 1, 150),
(409, 53, 29, 1, 150),
(410, 46, 25, 1, 150),
(411, 47, 26, 1, 150),
(412, 42, 12, 1, 150),
(413, 43, 18, 1, 150),
(414, 38, 20, 1, 150),
(415, 39, 17, 1, 150),
(416, 41, 17, 1, 150),
(417, 35, 16, 1, 150),
(418, 36, 22, 1, 150),
(419, 37, 13, 1, 150),
(420, 32, 13, 1, 150),
(421, 33, 13, 1, 150),
(422, 26, 12, 1, 150),
(423, 27, 13, 1, 150),
(424, 28, 11, 1, 150),
(425, 23, 13, 1, 150),
(426, 24, 12, 1, 150),
(427, 25, 14, 1, 150),
(428, 19, 7, 1, 150),
(429, 20, 9, 1, 150),
(430, 21, 10, 1, 150),
(431, 22, 8, 1, 150),
(432, 15, 8, 1, 150),
(433, 16, 8, 1, 150),
(434, 17, 7, 1, 150),
(435, 11, 6, 1, 150),
(436, 12, 6, 1, 150),
(437, 6, 5, 1, 150),
(438, 7, 5, 1, 150),
(439, 8, 6, 1, 150),
(440, 4, 4, 1, 150),
(441, 5, 5, 1, 150),
(442, 1, 3, 1, 150),
(443, 2, 3, 1, 150),
(444, 3, 3, 1, 150),
(445, 233, 129, 1, 150),
(446, 229, 118, 1, 150),
(447, 230, 79, 1, 150),
(448, 225, 127, 1, 150),
(449, 226, 102, 1, 150),
(450, 222, 140, 1, 150),
(451, 221, 107, 1, 150),
(452, 218, 90, 1, 150),
(453, 219, 42, 1, 150),
(454, 220, 92, 1, 150),
(455, 215, 44, 1, 150),
(456, 216, 97, 1, 150),
(457, 217, 108, 1, 150),
(458, 210, 99, 1, 150),
(459, 211, 61, 1, 150),
(460, 212, 110, 1, 150),
(461, 213, 82, 1, 150),
(462, 214, 105, 1, 150),
(463, 205, 95, 1, 150),
(464, 206, 75, 1, 150),
(465, 207, 104, 1, 150),
(466, 208, 60, 1, 150),
(467, 209, 101, 1, 150),
(468, 204, 58, 1, 150),
(469, 202, 121, 1, 150),
(470, 203, 117, 1, 150),
(471, 200, 76, 1, 150),
(472, 201, 93, 1, 150),
(473, 197, 101, 1, 150),
(474, 198, 66, 1, 150),
(475, 199, 92, 1, 150),
(476, 193, 5, 1, 150),
(477, 195, 123, 1, 150),
(478, 196, 50, 1, 150),
(479, 188, 77, 1, 150),
(480, 189, 99, 1, 150),
(481, 190, 76, 1, 150),
(482, 191, 82, 1, 150),
(483, 192, 88, 1, 150),
(484, 183, 53, 1, 150),
(485, 184, 110, 1, 150),
(486, 185, 45, 1, 150),
(487, 186, 47, 1, 150),
(488, 187, 120, 1, 150),
(489, 182, 45, 1, 150),
(490, 180, 112, 1, 150),
(491, 181, 70, 1, 150),
(492, 177, 58, 1, 150),
(493, 179, 56, 1, 150),
(494, 178, 109, 1, 150),
(495, 173, 110, 1, 150),
(496, 174, 77, 1, 150),
(497, 175, 111, 1, 150),
(498, 168, 79, 1, 150),
(499, 169, 59, 1, 150),
(500, 170, 62, 1, 150),
(501, 171, 67, 1, 150),
(502, 172, 73, 1, 150),
(503, 165, 102, 1, 150),
(504, 166, 57, 1, 150),
(505, 167, 85, 1, 150),
(506, 164, 52, 1, 150),
(507, 161, 98, 1, 150),
(508, 163, 79, 1, 150),
(509, 158, 73, 1, 150),
(510, 160, 88, 1, 150),
(511, 153, 43, 1, 150),
(512, 154, 65, 1, 150),
(513, 156, 68, 1, 150),
(514, 148, 90, 1, 150),
(515, 149, 48, 1, 150),
(516, 151, 35, 1, 150),
(517, 144, 55, 1, 150),
(518, 145, 55, 1, 150),
(519, 146, 55, 1, 150),
(520, 3, 3, 1, 165),
(521, 2, 3, 1, 165),
(522, 1, 3, 1, 165),
(523, 4, 4, 1, 165),
(524, 23, 13, 1, 145),
(525, 19, 7, 1, 145),
(526, 20, 9, 1, 145),
(527, 15, 8, 1, 145),
(528, 16, 8, 1, 145),
(529, 11, 6, 1, 145),
(530, 12, 6, 1, 145),
(531, 6, 5, 1, 145),
(532, 7, 5, 1, 145),
(533, 8, 6, 1, 145),
(534, 4, 4, 1, 145),
(535, 5, 5, 1, 145),
(536, 1, 3, 1, 145),
(537, 2, 3, 1, 145),
(538, 3, 3, 1, 145),
(539, 24, 12, 1, 145),
(540, 21, 10, 1, 145),
(541, 17, 7, 1, 145),
(542, 25, 14, 1, 145),
(543, 22, 8, 1, 145),
(544, 26, 12, 1, 145),
(545, 27, 5, 0, 145),
(546, 9, 3, 0, 145),
(547, 159, 88, 1, 150),
(548, 155, 53, 1, 150),
(549, 150, 74, 1, 150),
(550, 234, 118, 0, 150),
(551, 231, 94, 0, 150),
(552, 227, 94, 1, 150),
(553, 223, 68, 1, 150),
(554, 238, 145, 0, 150),
(555, 236, 53, 0, 150),
(556, 232, 43, 0, 150),
(557, 228, 66, 1, 150),
(558, 224, 20, 1, 150),
(559, 1, 3, 1, 139),
(560, 2, 3, 1, 139),
(561, 3, 3, 1, 139),
(562, 4, 4, 1, 139),
(563, 5, 5, 1, 139),
(564, 6, 5, 1, 139),
(565, 7, 5, 1, 139),
(566, 8, 6, 1, 139),
(567, 9, 3, 1, 139),
(568, 10, 5, 1, 139),
(569, 11, 6, 1, 139),
(570, 12, 6, 1, 139),
(571, 13, 5, 1, 139),
(572, 14, 5, 1, 139),
(573, 15, 8, 1, 139),
(574, 16, 8, 1, 139),
(575, 17, 7, 1, 139),
(576, 18, 6, 1, 139),
(577, 22, 8, 1, 139),
(578, 21, 10, 1, 139),
(579, 20, 9, 1, 139),
(580, 19, 7, 1, 139),
(581, 132, 42, 1, 140),
(582, 135, 68, 1, 140),
(583, 24, 12, 1, 139),
(584, 49, 5, 0, 140),
(585, 206, 75, 0, 139),
(586, 204, 58, 1, 139),
(587, 202, 121, 1, 139),
(588, 203, 117, 1, 139),
(589, 200, 76, 1, 139),
(590, 201, 93, 1, 139),
(591, 197, 101, 1, 139),
(592, 198, 66, 1, 139),
(593, 199, 92, 1, 139),
(594, 193, 5, 1, 139),
(595, 195, 123, 1, 139),
(596, 196, 50, 1, 139),
(597, 188, 77, 1, 139),
(598, 189, 99, 1, 139),
(599, 190, 76, 1, 139),
(600, 191, 82, 1, 139),
(601, 192, 88, 1, 139),
(602, 183, 53, 1, 139),
(603, 184, 110, 1, 139),
(604, 185, 45, 1, 139),
(605, 186, 47, 1, 139),
(606, 187, 120, 1, 139),
(607, 182, 45, 1, 139),
(608, 180, 112, 1, 139),
(609, 181, 70, 1, 139),
(610, 177, 58, 1, 139),
(611, 179, 56, 1, 139),
(612, 178, 109, 1, 139),
(613, 173, 110, 1, 139),
(614, 174, 77, 1, 139),
(615, 175, 111, 1, 139),
(616, 168, 79, 1, 139),
(617, 169, 59, 1, 139),
(618, 170, 62, 1, 139),
(619, 171, 67, 1, 139),
(620, 172, 73, 1, 139),
(621, 165, 102, 1, 139),
(622, 166, 57, 1, 139),
(623, 167, 85, 1, 139),
(624, 164, 52, 1, 139),
(625, 161, 98, 1, 139),
(626, 163, 79, 1, 139),
(627, 158, 73, 1, 139),
(628, 160, 88, 1, 139),
(629, 153, 43, 1, 139),
(630, 154, 65, 1, 139),
(631, 156, 68, 1, 139),
(632, 157, 47, 1, 139),
(633, 148, 90, 1, 139),
(634, 149, 48, 1, 139),
(635, 151, 35, 1, 139),
(636, 152, 51, 1, 139),
(637, 144, 55, 1, 139),
(638, 145, 55, 1, 139),
(639, 146, 55, 1, 139),
(640, 147, 85, 1, 139),
(641, 143, 75, 1, 139),
(642, 141, 37, 1, 139),
(643, 136, 80, 1, 139),
(644, 137, 33, 1, 139),
(645, 138, 73, 1, 139),
(646, 133, 30, 1, 139),
(647, 134, 68, 1, 139),
(648, 130, 58, 1, 139),
(649, 131, 42, 1, 139),
(650, 126, 48, 1, 139),
(651, 127, 110, 1, 139),
(652, 128, 110, 1, 139),
(653, 129, 48, 1, 139),
(654, 124, 60, 1, 139),
(655, 125, 70, 1, 139),
(656, 122, 68, 1, 139),
(657, 123, 40, 1, 139),
(658, 119, 58, 1, 139),
(659, 120, 45, 1, 139),
(660, 121, 45, 1, 139),
(661, 116, 51, 1, 139),
(662, 117, 38, 1, 139),
(663, 118, 58, 1, 139),
(664, 113, 59, 1, 139),
(665, 114, 53, 1, 139),
(666, 115, 43, 1, 139),
(667, 109, 54, 1, 139),
(668, 110, 35, 1, 139),
(669, 111, 73, 1, 139),
(670, 112, 58, 1, 139),
(671, 108, 36, 1, 139),
(672, 105, 56, 1, 139),
(673, 106, 38, 1, 139),
(674, 101, 70, 1, 139),
(675, 103, 60, 1, 139),
(676, 98, 45, 1, 139),
(677, 99, 80, 1, 139),
(678, 100, 55, 1, 139),
(679, 94, 38, 1, 139),
(680, 95, 80, 1, 139),
(681, 96, 43, 1, 139),
(682, 90, 30, 1, 139),
(683, 91, 35, 1, 139),
(684, 92, 65, 1, 139),
(685, 93, 49, 1, 139),
(686, 87, 30, 1, 139),
(687, 88, 60, 1, 139),
(688, 89, 58, 1, 139),
(689, 84, 52, 1, 139),
(690, 85, 60, 1, 139),
(691, 81, 50, 1, 139),
(692, 82, 50, 1, 139),
(693, 77, 60, 1, 139),
(694, 79, 40, 1, 139),
(695, 74, 40, 1, 139),
(696, 76, 40, 1, 139),
(697, 70, 40, 1, 139),
(698, 73, 35, 1, 139),
(699, 66, 45, 1, 139),
(700, 69, 30, 1, 139),
(701, 63, 40, 1, 139),
(702, 65, 37, 1, 139),
(703, 60, 35, 1, 139),
(704, 57, 16, 1, 139),
(705, 58, 20, 1, 139),
(706, 54, 24, 1, 139),
(707, 55, 33, 1, 139),
(708, 56, 30, 1, 139),
(709, 50, 25, 0, 139),
(710, 51, 26, 0, 139),
(711, 52, 26, 1, 139),
(712, 53, 29, 1, 139),
(713, 46, 25, 1, 139),
(714, 47, 26, 1, 139),
(715, 42, 12, 1, 139),
(716, 43, 18, 1, 139),
(717, 38, 20, 1, 139),
(718, 39, 17, 1, 139),
(719, 41, 17, 1, 139),
(720, 35, 16, 1, 139),
(721, 36, 22, 1, 139),
(722, 37, 13, 1, 139),
(723, 32, 13, 1, 139),
(724, 33, 13, 1, 139),
(725, 26, 12, 1, 139),
(726, 27, 13, 1, 139),
(727, 28, 11, 1, 139),
(728, 23, 13, 1, 139),
(729, 25, 14, 1, 139),
(730, 7, 5, 1, 170),
(731, 5, 5, 1, 170),
(732, 2, 3, 1, 170),
(733, 3, 3, 1, 170),
(734, 45, 20, 1, 139),
(735, 4, 4, 1, 170),
(736, 1, 3, 1, 170),
(737, 34, 5, 1, 139),
(738, 29, 6, 1, 139),
(739, 30, 13, 1, 139),
(740, 31, 11, 1, 139),
(741, 40, 15, 1, 139),
(742, 208, 60, 1, 139),
(743, 205, 95, 1, 139),
(744, 213, 82, 1, 139),
(745, 222, 140, 0, 139),
(746, 221, 107, 0, 139),
(747, 218, 90, 0, 139),
(748, 219, 42, 0, 139),
(749, 220, 92, 0, 139),
(750, 215, 44, 0, 139),
(751, 216, 97, 0, 139),
(752, 217, 108, 0, 139),
(753, 210, 20, 0, 139),
(754, 211, 61, 0, 139),
(755, 212, 110, 0, 139),
(756, 214, 105, 0, 139),
(757, 207, 104, 0, 139),
(758, 209, 50, 0, 139),
(759, 32, 13, 1, 170),
(760, 26, 12, 1, 170),
(761, 27, 13, 1, 170),
(762, 23, 13, 1, 170),
(763, 24, 12, 1, 170),
(764, 19, 7, 1, 170),
(765, 20, 9, 1, 170),
(766, 21, 10, 1, 170),
(767, 15, 8, 1, 170),
(768, 16, 8, 1, 170),
(769, 17, 7, 1, 170),
(770, 11, 6, 1, 170),
(771, 12, 6, 1, 170),
(772, 6, 5, 1, 170),
(773, 8, 6, 1, 170),
(774, 75, 30, 1, 171),
(775, 71, 26, 1, 171),
(776, 72, 43, 1, 171),
(777, 67, 33, 1, 171),
(778, 68, 20, 1, 171),
(779, 64, 30, 1, 171),
(780, 65, 37, 1, 171),
(781, 60, 35, 1, 171),
(782, 57, 16, 1, 171),
(783, 58, 20, 1, 171),
(784, 54, 24, 1, 171),
(785, 55, 33, 1, 171),
(786, 56, 30, 1, 171),
(787, 50, 25, 1, 171),
(788, 51, 26, 1, 171),
(789, 52, 26, 1, 171),
(790, 53, 29, 1, 171),
(791, 46, 25, 1, 171),
(792, 47, 26, 1, 171),
(793, 42, 12, 1, 171),
(794, 43, 18, 1, 171),
(795, 38, 20, 1, 171),
(796, 39, 17, 1, 171),
(797, 41, 17, 1, 171),
(798, 35, 16, 1, 171),
(799, 36, 22, 1, 171),
(800, 37, 13, 1, 171),
(801, 32, 13, 1, 171),
(802, 33, 13, 1, 171),
(803, 26, 12, 1, 171),
(804, 27, 13, 1, 171),
(805, 28, 11, 1, 171),
(806, 23, 13, 1, 171),
(807, 24, 12, 1, 171),
(808, 25, 14, 1, 171),
(809, 19, 7, 1, 171),
(810, 20, 9, 1, 171),
(811, 21, 10, 1, 171),
(812, 22, 8, 1, 171),
(813, 15, 8, 1, 171),
(814, 16, 8, 1, 171),
(815, 17, 7, 1, 171),
(816, 11, 6, 1, 171),
(817, 12, 6, 1, 171),
(818, 6, 5, 1, 171),
(819, 7, 5, 1, 171),
(820, 8, 6, 1, 171),
(821, 4, 4, 1, 171),
(822, 5, 5, 1, 171),
(823, 1, 3, 1, 171),
(824, 2, 3, 1, 171),
(825, 3, 3, 1, 171),
(826, 182, 45, 1, 171),
(827, 180, 112, 1, 171),
(828, 181, 70, 1, 171),
(829, 177, 58, 1, 171),
(830, 179, 56, 1, 171),
(831, 178, 109, 1, 171),
(832, 173, 110, 1, 171),
(833, 174, 77, 1, 171),
(834, 175, 111, 1, 171),
(835, 168, 79, 1, 171),
(836, 169, 59, 1, 171),
(837, 170, 62, 1, 171),
(838, 171, 67, 1, 171),
(839, 172, 73, 1, 171),
(840, 165, 102, 1, 171),
(841, 166, 57, 1, 171),
(842, 167, 85, 1, 171),
(843, 164, 52, 1, 171),
(844, 161, 98, 1, 171),
(845, 163, 79, 1, 171),
(846, 158, 73, 1, 171),
(847, 160, 88, 1, 171),
(848, 153, 43, 1, 171),
(849, 154, 65, 1, 171),
(850, 156, 68, 1, 171),
(851, 157, 47, 1, 171),
(852, 148, 90, 1, 171),
(853, 149, 48, 1, 171),
(854, 151, 35, 1, 171),
(855, 152, 51, 1, 171),
(856, 144, 55, 1, 171),
(857, 145, 55, 1, 171),
(858, 146, 55, 1, 171),
(859, 147, 85, 1, 171),
(860, 143, 75, 1, 171),
(861, 141, 37, 1, 171),
(862, 136, 80, 1, 171),
(863, 137, 33, 1, 171),
(864, 138, 73, 1, 171),
(865, 133, 30, 1, 171),
(866, 134, 68, 1, 171),
(867, 130, 58, 1, 171),
(868, 131, 42, 1, 171),
(869, 126, 48, 1, 171),
(870, 127, 110, 1, 171),
(871, 128, 110, 1, 171),
(872, 129, 48, 1, 171),
(873, 124, 60, 1, 171),
(874, 125, 70, 1, 171),
(875, 122, 68, 1, 171),
(876, 123, 40, 1, 171),
(877, 119, 58, 1, 171),
(878, 120, 45, 1, 171),
(879, 121, 45, 1, 171),
(880, 116, 51, 1, 171),
(881, 117, 38, 1, 171),
(882, 118, 58, 1, 171),
(883, 113, 59, 1, 171),
(884, 114, 53, 1, 171),
(885, 115, 43, 1, 171),
(886, 109, 54, 1, 171),
(887, 110, 35, 1, 171),
(888, 111, 73, 1, 171),
(889, 112, 58, 1, 171),
(890, 108, 36, 1, 171),
(891, 105, 56, 1, 171),
(892, 106, 38, 1, 171),
(893, 101, 70, 1, 171),
(894, 103, 60, 1, 171),
(895, 98, 45, 1, 171),
(896, 99, 80, 1, 171),
(897, 100, 55, 1, 171),
(898, 94, 38, 1, 171),
(899, 95, 80, 1, 171),
(900, 96, 43, 1, 171),
(901, 90, 30, 1, 171),
(902, 91, 35, 1, 171),
(903, 92, 65, 1, 171),
(904, 93, 49, 1, 171),
(905, 87, 30, 1, 171),
(906, 88, 60, 1, 171),
(907, 89, 58, 1, 171),
(908, 84, 52, 1, 171),
(909, 85, 60, 1, 171),
(910, 81, 50, 1, 171),
(911, 82, 50, 1, 171),
(912, 77, 60, 1, 171),
(913, 79, 40, 1, 171),
(914, 74, 40, 1, 171),
(915, 76, 40, 1, 171),
(916, 70, 40, 1, 171),
(917, 73, 35, 1, 171),
(918, 66, 45, 1, 171),
(919, 69, 30, 1, 171),
(920, 63, 40, 1, 171),
(921, 183, 53, 1, 171),
(922, 184, 110, 1, 171),
(923, 185, 45, 1, 171),
(924, 186, 47, 1, 171),
(925, 188, 77, 1, 171),
(926, 189, 99, 1, 171),
(927, 190, 2, 0, 171),
(928, 48, 20, 1, 139),
(929, 49, 22, 1, 139),
(930, 64, 30, 1, 139),
(931, 104, 37, 1, 139),
(932, 107, 55, 1, 139),
(933, 105, 56, 1, 167),
(934, 101, 70, 1, 167),
(935, 98, 45, 1, 167),
(936, 99, 80, 1, 167),
(937, 94, 38, 1, 167),
(938, 95, 80, 1, 167),
(939, 90, 30, 1, 167),
(940, 91, 35, 1, 167),
(941, 92, 65, 1, 167),
(942, 87, 30, 1, 167),
(943, 88, 60, 1, 167),
(944, 89, 58, 1, 167),
(945, 84, 52, 1, 167),
(946, 85, 60, 1, 167),
(947, 81, 50, 1, 167),
(948, 82, 50, 1, 167),
(949, 77, 60, 1, 167),
(950, 79, 40, 1, 167),
(951, 74, 40, 1, 167),
(952, 76, 40, 1, 167),
(953, 70, 40, 1, 167),
(954, 73, 35, 1, 167),
(955, 66, 45, 1, 167),
(956, 69, 30, 1, 167),
(957, 63, 40, 1, 167),
(958, 65, 37, 1, 167),
(959, 60, 35, 1, 167),
(960, 57, 16, 1, 167),
(961, 58, 20, 1, 167),
(962, 54, 24, 1, 167),
(963, 55, 33, 1, 167),
(964, 56, 30, 1, 167),
(965, 50, 25, 1, 167),
(966, 51, 26, 1, 167),
(967, 52, 26, 1, 167),
(968, 53, 29, 1, 167),
(969, 46, 25, 1, 167),
(970, 47, 26, 1, 167),
(971, 42, 12, 1, 167),
(972, 43, 18, 1, 167),
(973, 38, 20, 1, 167),
(974, 39, 17, 1, 167),
(975, 41, 17, 1, 167),
(976, 35, 16, 1, 167),
(977, 36, 22, 1, 167),
(978, 37, 13, 1, 167),
(979, 32, 13, 1, 167),
(980, 33, 13, 1, 167),
(981, 26, 12, 1, 167),
(982, 27, 13, 1, 167),
(983, 28, 11, 1, 167),
(984, 23, 13, 1, 167),
(985, 24, 12, 1, 167),
(986, 25, 14, 1, 167),
(987, 204, 58, 1, 167),
(988, 202, 121, 1, 167),
(989, 203, 117, 1, 167),
(990, 200, 76, 1, 167),
(991, 201, 93, 1, 167),
(992, 197, 101, 1, 167),
(993, 198, 66, 1, 167),
(994, 199, 92, 1, 167),
(995, 193, 5, 1, 167),
(996, 195, 123, 1, 167),
(997, 196, 50, 1, 167),
(998, 188, 77, 1, 167),
(999, 189, 99, 1, 167),
(1000, 190, 76, 1, 167),
(1001, 191, 82, 1, 167),
(1002, 192, 88, 1, 167),
(1003, 183, 53, 1, 167),
(1004, 184, 110, 1, 167),
(1005, 185, 45, 1, 167),
(1006, 186, 47, 1, 167),
(1007, 187, 120, 1, 167),
(1008, 182, 45, 1, 167),
(1009, 180, 112, 1, 167),
(1010, 181, 70, 1, 167),
(1011, 177, 58, 1, 167),
(1012, 179, 56, 1, 167),
(1013, 178, 109, 1, 167),
(1014, 173, 110, 1, 167),
(1015, 174, 77, 1, 167),
(1016, 175, 111, 1, 167),
(1017, 168, 79, 1, 167),
(1018, 169, 59, 1, 167),
(1019, 170, 62, 1, 167),
(1020, 171, 67, 1, 167),
(1021, 172, 73, 1, 167),
(1022, 165, 102, 1, 167),
(1023, 166, 57, 1, 167),
(1024, 167, 85, 1, 167),
(1025, 164, 52, 1, 167),
(1026, 161, 98, 1, 167),
(1027, 163, 79, 1, 167),
(1028, 158, 73, 1, 167),
(1029, 160, 88, 1, 167),
(1030, 153, 43, 1, 167),
(1031, 154, 65, 1, 167),
(1032, 156, 68, 1, 167),
(1033, 157, 47, 1, 167),
(1034, 148, 90, 1, 167),
(1035, 149, 48, 1, 167),
(1036, 151, 35, 1, 167),
(1037, 152, 51, 1, 167),
(1038, 144, 55, 1, 167),
(1039, 145, 55, 1, 167),
(1040, 146, 55, 1, 167),
(1041, 147, 85, 1, 167),
(1042, 143, 75, 1, 167),
(1043, 141, 37, 1, 167),
(1044, 136, 80, 1, 167),
(1045, 137, 33, 1, 167),
(1046, 138, 73, 1, 167),
(1047, 133, 30, 1, 167),
(1048, 134, 68, 1, 167),
(1049, 130, 58, 1, 167),
(1050, 131, 42, 1, 167),
(1051, 126, 48, 1, 167),
(1052, 127, 110, 1, 167),
(1053, 128, 110, 1, 167),
(1054, 129, 48, 1, 167),
(1055, 124, 60, 1, 167),
(1056, 125, 70, 1, 167),
(1057, 122, 68, 1, 167),
(1058, 123, 40, 1, 167),
(1059, 119, 58, 1, 167),
(1060, 120, 45, 1, 167),
(1061, 121, 45, 1, 167),
(1062, 116, 51, 1, 167),
(1063, 117, 38, 1, 167),
(1064, 118, 58, 1, 167),
(1065, 113, 59, 1, 167),
(1066, 114, 53, 1, 167),
(1067, 115, 43, 1, 167),
(1068, 109, 54, 1, 167),
(1069, 110, 35, 1, 167),
(1070, 111, 73, 1, 167),
(1071, 112, 58, 1, 167),
(1072, 108, 36, 1, 167),
(1073, 106, 38, 1, 167),
(1074, 103, 60, 1, 167),
(1075, 100, 55, 1, 167),
(1076, 96, 43, 1, 167),
(1077, 93, 49, 1, 167),
(1078, 223, 68, 1, 173),
(1079, 224, 20, 1, 173),
(1080, 222, 140, 1, 173),
(1081, 22, 8, 1, 173),
(1082, 17, 7, 1, 173),
(1083, 12, 6, 1, 173),
(1084, 8, 6, 1, 173),
(1085, 4, 4, 1, 173),
(1086, 5, 5, 1, 173),
(1087, 1, 3, 1, 173),
(1088, 2, 3, 1, 173),
(1089, 3, 3, 1, 173),
(1090, 221, 107, 1, 173),
(1091, 218, 90, 1, 173),
(1092, 219, 42, 1, 173),
(1093, 220, 92, 1, 173),
(1094, 215, 44, 1, 173),
(1095, 216, 97, 1, 173),
(1096, 217, 108, 1, 173),
(1097, 210, 99, 1, 173),
(1098, 211, 61, 1, 173),
(1099, 212, 110, 1, 173),
(1100, 213, 82, 1, 173),
(1101, 214, 105, 1, 173),
(1102, 205, 95, 1, 173),
(1103, 206, 75, 1, 173),
(1104, 207, 104, 1, 173),
(1105, 208, 60, 1, 173),
(1106, 209, 101, 1, 173),
(1107, 204, 58, 1, 173),
(1108, 202, 121, 1, 173),
(1109, 203, 117, 1, 173),
(1110, 200, 76, 1, 173),
(1111, 201, 93, 1, 173),
(1112, 197, 101, 1, 173),
(1113, 198, 66, 1, 173),
(1114, 199, 92, 1, 173),
(1115, 193, 5, 1, 173),
(1116, 195, 123, 1, 173),
(1117, 196, 50, 1, 173),
(1118, 188, 77, 1, 173),
(1119, 189, 99, 1, 173),
(1120, 190, 76, 1, 173),
(1121, 191, 82, 1, 173),
(1122, 192, 88, 1, 173),
(1123, 183, 53, 1, 173),
(1124, 184, 110, 1, 173),
(1125, 185, 45, 1, 173),
(1126, 186, 47, 1, 173),
(1127, 187, 120, 1, 173),
(1128, 182, 45, 1, 173),
(1129, 180, 112, 1, 173),
(1130, 181, 70, 1, 173),
(1131, 177, 58, 1, 173),
(1132, 179, 56, 1, 173),
(1133, 178, 109, 1, 173),
(1134, 173, 110, 1, 173),
(1135, 174, 77, 1, 173),
(1136, 175, 111, 1, 173),
(1137, 168, 79, 1, 173),
(1138, 169, 59, 1, 173),
(1139, 170, 62, 1, 173),
(1140, 171, 67, 1, 173),
(1141, 172, 73, 1, 173),
(1142, 165, 102, 1, 173),
(1143, 166, 57, 1, 173),
(1144, 167, 85, 1, 173),
(1145, 164, 52, 1, 173),
(1146, 161, 98, 1, 173),
(1147, 163, 79, 1, 173),
(1148, 158, 73, 1, 173),
(1149, 160, 88, 1, 173),
(1150, 153, 43, 1, 173),
(1151, 154, 65, 1, 173),
(1152, 156, 68, 1, 173),
(1153, 157, 47, 1, 173),
(1154, 148, 90, 1, 173),
(1155, 149, 48, 1, 173),
(1156, 151, 35, 1, 173),
(1157, 152, 51, 1, 173),
(1158, 144, 55, 1, 173),
(1159, 145, 55, 1, 173),
(1160, 146, 55, 1, 173),
(1161, 147, 85, 1, 173),
(1162, 143, 75, 1, 173),
(1163, 141, 37, 1, 173),
(1164, 136, 80, 1, 173),
(1165, 137, 33, 1, 173),
(1166, 138, 73, 1, 173),
(1167, 133, 30, 1, 173),
(1168, 134, 68, 1, 173),
(1169, 130, 58, 1, 173),
(1170, 131, 42, 1, 173),
(1171, 126, 48, 1, 173),
(1172, 127, 110, 1, 173),
(1173, 128, 110, 1, 173),
(1174, 129, 48, 1, 173),
(1175, 124, 60, 1, 173),
(1176, 125, 70, 1, 173),
(1177, 122, 68, 1, 173),
(1178, 123, 40, 1, 173),
(1179, 119, 58, 1, 173),
(1180, 120, 45, 1, 173),
(1181, 121, 45, 1, 173),
(1182, 116, 51, 1, 173),
(1183, 117, 38, 1, 173),
(1184, 118, 58, 1, 173),
(1185, 113, 59, 1, 173),
(1186, 114, 53, 1, 173),
(1187, 115, 43, 1, 173),
(1188, 109, 54, 1, 173),
(1189, 110, 35, 1, 173),
(1190, 111, 73, 1, 173),
(1191, 112, 58, 1, 173),
(1192, 108, 36, 1, 173),
(1193, 105, 56, 1, 173),
(1194, 106, 38, 1, 173),
(1195, 101, 70, 1, 173),
(1196, 103, 60, 1, 173),
(1197, 98, 45, 1, 173),
(1198, 99, 80, 1, 173),
(1199, 100, 55, 1, 173),
(1200, 94, 38, 1, 173),
(1201, 95, 80, 1, 173),
(1202, 96, 43, 1, 173),
(1203, 90, 30, 1, 173),
(1204, 91, 35, 1, 173),
(1205, 92, 65, 1, 173),
(1206, 93, 49, 1, 173),
(1207, 87, 30, 1, 173),
(1208, 88, 60, 1, 173),
(1209, 89, 58, 1, 173),
(1210, 84, 52, 1, 173),
(1211, 85, 60, 1, 173),
(1212, 81, 50, 1, 173),
(1213, 82, 50, 1, 173),
(1214, 77, 60, 1, 173),
(1215, 79, 40, 1, 173),
(1216, 74, 40, 1, 173),
(1217, 76, 40, 1, 173),
(1218, 70, 40, 1, 173),
(1219, 73, 35, 1, 173),
(1220, 66, 45, 1, 173),
(1221, 69, 30, 1, 173),
(1222, 63, 40, 1, 173),
(1223, 65, 37, 1, 173),
(1224, 60, 35, 1, 173),
(1225, 57, 16, 1, 173),
(1226, 58, 20, 1, 173),
(1227, 54, 24, 1, 173),
(1228, 55, 33, 1, 173),
(1229, 56, 30, 1, 173),
(1230, 50, 25, 1, 173),
(1231, 51, 26, 1, 173),
(1232, 52, 26, 1, 173),
(1233, 53, 29, 1, 173),
(1234, 46, 25, 1, 173),
(1235, 47, 26, 1, 173),
(1236, 42, 12, 1, 173),
(1237, 43, 18, 1, 173),
(1238, 38, 20, 1, 173),
(1239, 39, 17, 1, 173),
(1240, 41, 17, 1, 173),
(1241, 35, 16, 1, 173),
(1242, 36, 22, 1, 173),
(1243, 37, 13, 1, 173),
(1244, 32, 13, 1, 173),
(1245, 33, 13, 1, 173),
(1246, 26, 12, 1, 173),
(1247, 27, 13, 1, 173),
(1248, 28, 11, 1, 173),
(1249, 23, 13, 1, 173),
(1250, 24, 12, 1, 173),
(1251, 25, 14, 1, 173),
(1252, 19, 7, 1, 173),
(1253, 20, 9, 1, 173),
(1254, 21, 10, 1, 173),
(1255, 15, 8, 1, 173),
(1256, 16, 8, 1, 173),
(1257, 11, 6, 1, 173),
(1258, 6, 5, 1, 173),
(1259, 7, 5, 1, 173),
(1260, 239, 90, 0, 150),
(1261, 206, 75, 1, 167),
(1262, 211, 61, 1, 167),
(1263, 235, 60, 0, 150),
(1264, 105, 56, 1, 178),
(1265, 101, 70, 1, 178),
(1266, 98, 45, 1, 178),
(1267, 99, 80, 1, 178),
(1268, 94, 38, 1, 178),
(1269, 95, 80, 1, 178),
(1270, 90, 30, 1, 178),
(1271, 91, 35, 1, 178),
(1272, 92, 65, 1, 178),
(1273, 87, 30, 1, 178),
(1274, 88, 60, 1, 178),
(1275, 89, 58, 1, 178),
(1276, 84, 52, 1, 178),
(1277, 85, 60, 1, 178),
(1278, 81, 50, 1, 178),
(1279, 82, 50, 1, 178),
(1280, 77, 60, 1, 178),
(1281, 79, 40, 1, 178),
(1282, 74, 40, 1, 178),
(1283, 76, 40, 1, 178),
(1284, 70, 40, 1, 178),
(1285, 73, 35, 1, 178),
(1286, 66, 45, 1, 178),
(1287, 69, 30, 1, 178),
(1288, 63, 40, 1, 178),
(1289, 65, 37, 1, 178),
(1290, 60, 35, 1, 178),
(1291, 57, 16, 1, 178),
(1292, 58, 20, 1, 178),
(1293, 54, 24, 1, 178),
(1294, 55, 33, 1, 178),
(1295, 56, 30, 1, 178),
(1296, 50, 25, 1, 178),
(1297, 51, 26, 1, 178),
(1298, 52, 26, 1, 178),
(1299, 53, 29, 1, 178),
(1300, 46, 25, 1, 178),
(1301, 47, 26, 1, 178),
(1302, 42, 12, 1, 178),
(1303, 43, 18, 1, 178),
(1304, 38, 20, 1, 178),
(1305, 39, 17, 1, 178),
(1306, 41, 17, 1, 178),
(1307, 35, 16, 1, 178),
(1308, 36, 22, 1, 178),
(1309, 37, 13, 1, 178),
(1310, 32, 13, 1, 178),
(1311, 33, 13, 1, 178),
(1312, 26, 12, 1, 178),
(1313, 27, 13, 1, 178),
(1314, 28, 11, 1, 178),
(1315, 23, 13, 1, 178),
(1316, 24, 12, 1, 178),
(1317, 25, 14, 1, 178),
(1318, 19, 7, 1, 178),
(1319, 20, 9, 1, 178),
(1320, 21, 10, 1, 178),
(1321, 22, 8, 1, 178),
(1322, 15, 8, 1, 178),
(1323, 16, 8, 1, 178),
(1324, 17, 7, 1, 178),
(1325, 11, 6, 1, 178),
(1326, 12, 6, 1, 178),
(1327, 6, 5, 1, 178),
(1328, 7, 5, 1, 178),
(1329, 8, 6, 1, 178),
(1330, 4, 4, 1, 178),
(1331, 5, 5, 1, 178),
(1332, 1, 3, 1, 178),
(1333, 2, 3, 1, 178),
(1334, 3, 3, 1, 178),
(1335, 34, 0, 0, 184),
(1336, 3, 3, 1, 184),
(1337, 2, 3, 1, 184),
(1338, 1, 3, 1, 184),
(1339, 4, 4, 1, 184),
(1340, 5, 5, 1, 184),
(1341, 6, 5, 1, 184),
(1342, 7, 5, 1, 184),
(1343, 9, 3, 1, 184),
(1344, 8, 6, 1, 184),
(1345, 14, 5, 1, 184),
(1346, 13, 5, 1, 184),
(1347, 12, 6, 1, 184),
(1348, 11, 6, 1, 184),
(1349, 10, 5, 1, 184),
(1350, 15, 8, 1, 184),
(1351, 16, 8, 1, 184),
(1352, 17, 7, 1, 184),
(1353, 18, 6, 1, 184),
(1354, 22, 8, 1, 184),
(1355, 21, 10, 1, 184),
(1356, 20, 9, 1, 184),
(1357, 19, 7, 1, 184),
(1358, 24, 12, 1, 184),
(1359, 25, 14, 1, 184),
(1360, 23, 13, 1, 184),
(1361, 26, 12, 1, 184),
(1362, 27, 13, 1, 184),
(1363, 28, 11, 1, 184),
(1364, 29, 6, 1, 184),
(1365, 30, 13, 1, 184),
(1366, 31, 11, 1, 184),
(1367, 32, 13, 1, 184),
(1368, 44, 0, 0, 184),
(1369, 41, 0, 0, 184),
(1370, 37, 0, 0, 184),
(1371, 33, 0, 0, 184),
(1372, 43, 0, 0, 184),
(1373, 41, 17, 1, 180),
(1374, 37, 13, 1, 180),
(1375, 32, 13, 1, 180),
(1376, 33, 13, 1, 180),
(1377, 26, 12, 1, 180),
(1378, 27, 13, 1, 180),
(1379, 28, 11, 1, 180),
(1380, 23, 13, 1, 180),
(1381, 24, 12, 1, 180),
(1382, 25, 14, 1, 180),
(1383, 19, 7, 1, 180),
(1384, 20, 9, 1, 180),
(1385, 21, 10, 1, 180),
(1386, 22, 8, 1, 180),
(1387, 15, 8, 1, 180),
(1388, 16, 8, 1, 180),
(1389, 17, 7, 1, 180),
(1390, 11, 6, 1, 180),
(1391, 12, 6, 1, 180),
(1392, 6, 5, 1, 180),
(1393, 7, 5, 1, 180),
(1394, 8, 6, 1, 180),
(1395, 4, 4, 1, 180),
(1396, 5, 5, 1, 180),
(1397, 1, 3, 1, 180),
(1398, 2, 3, 1, 180),
(1399, 3, 3, 1, 180),
(1400, 40, 15, 1, 180),
(1401, 44, 23, 0, 180),
(1402, 182, 45, 0, 165),
(1403, 180, 112, 0, 165),
(1404, 181, 70, 0, 165),
(1405, 177, 58, 0, 165),
(1406, 179, 56, 0, 165),
(1407, 178, 109, 0, 165),
(1408, 173, 110, 0, 165),
(1409, 174, 77, 1, 165),
(1410, 175, 111, 0, 165),
(1411, 168, 79, 1, 165),
(1412, 169, 59, 1, 165),
(1413, 170, 62, 1, 165),
(1414, 171, 67, 1, 165),
(1415, 172, 73, 1, 165),
(1416, 165, 102, 1, 165),
(1417, 166, 57, 1, 165),
(1418, 167, 85, 1, 165),
(1419, 164, 52, 1, 165),
(1420, 161, 98, 1, 165),
(1421, 163, 79, 1, 165),
(1422, 158, 73, 1, 165),
(1423, 160, 88, 1, 165),
(1424, 153, 43, 1, 165),
(1425, 154, 65, 1, 165),
(1426, 156, 68, 1, 165),
(1427, 157, 47, 1, 165),
(1428, 148, 90, 1, 165),
(1429, 149, 48, 1, 165),
(1430, 151, 35, 1, 165),
(1431, 152, 51, 1, 165),
(1432, 144, 55, 1, 165),
(1433, 145, 55, 1, 165),
(1434, 146, 55, 1, 165),
(1435, 147, 85, 1, 165),
(1436, 143, 75, 1, 165),
(1437, 141, 37, 1, 165),
(1438, 136, 80, 1, 165),
(1439, 137, 33, 1, 165),
(1440, 138, 73, 1, 165),
(1441, 133, 30, 1, 165),
(1442, 134, 68, 1, 165),
(1443, 130, 58, 1, 165),
(1444, 131, 42, 1, 165),
(1445, 126, 48, 1, 165),
(1446, 127, 110, 1, 165),
(1447, 128, 110, 1, 165),
(1448, 129, 48, 1, 165),
(1449, 124, 60, 1, 165),
(1450, 125, 70, 1, 165),
(1451, 122, 68, 1, 165),
(1452, 123, 40, 1, 165),
(1453, 119, 58, 1, 165),
(1454, 120, 45, 1, 165),
(1455, 121, 45, 1, 165),
(1456, 116, 51, 1, 165),
(1457, 117, 38, 1, 165),
(1458, 118, 58, 1, 165),
(1459, 113, 59, 1, 165),
(1460, 114, 53, 1, 165),
(1461, 115, 43, 1, 165),
(1462, 109, 54, 1, 165),
(1463, 110, 35, 1, 165),
(1464, 111, 73, 1, 165),
(1465, 112, 58, 1, 165),
(1466, 108, 36, 1, 165),
(1467, 105, 56, 1, 165),
(1468, 106, 38, 1, 165),
(1469, 101, 70, 1, 165),
(1470, 103, 60, 1, 165),
(1471, 98, 45, 1, 165),
(1472, 99, 80, 1, 165),
(1473, 100, 55, 1, 165),
(1474, 94, 38, 1, 165),
(1475, 95, 80, 1, 165),
(1476, 96, 43, 1, 165),
(1477, 90, 30, 1, 165),
(1478, 91, 35, 1, 165),
(1479, 92, 65, 1, 165),
(1480, 93, 49, 1, 165),
(1481, 87, 30, 1, 165),
(1482, 88, 60, 1, 165),
(1483, 89, 58, 1, 165),
(1484, 84, 52, 1, 165),
(1485, 85, 60, 1, 165),
(1486, 81, 50, 1, 165),
(1487, 82, 50, 1, 165),
(1488, 77, 60, 1, 165),
(1489, 79, 40, 1, 165),
(1490, 74, 40, 1, 165),
(1491, 76, 40, 1, 165),
(1492, 70, 40, 1, 165),
(1493, 73, 35, 1, 165),
(1494, 66, 45, 1, 165),
(1495, 69, 30, 1, 165),
(1496, 63, 40, 1, 165),
(1497, 65, 37, 1, 165),
(1498, 60, 35, 1, 165),
(1499, 57, 16, 1, 165),
(1500, 58, 20, 1, 165),
(1501, 54, 24, 1, 165),
(1502, 55, 33, 1, 165),
(1503, 56, 30, 1, 165),
(1504, 50, 25, 1, 165),
(1505, 51, 26, 1, 165),
(1506, 52, 26, 1, 165),
(1507, 53, 29, 1, 165),
(1508, 46, 25, 1, 165),
(1509, 47, 26, 1, 165),
(1510, 42, 12, 1, 165),
(1511, 43, 18, 1, 165),
(1512, 38, 20, 1, 165),
(1513, 39, 17, 1, 165),
(1514, 41, 17, 1, 165),
(1515, 35, 16, 1, 165),
(1516, 36, 22, 1, 165),
(1517, 37, 13, 1, 165),
(1518, 32, 13, 1, 165),
(1519, 33, 13, 1, 165),
(1520, 26, 12, 1, 165),
(1521, 27, 13, 1, 165),
(1522, 28, 11, 1, 165),
(1523, 23, 13, 1, 165),
(1524, 24, 12, 1, 165),
(1525, 25, 14, 1, 165),
(1526, 19, 7, 1, 165),
(1527, 20, 9, 1, 165),
(1528, 21, 10, 1, 165),
(1529, 22, 8, 1, 165),
(1530, 15, 8, 1, 165),
(1531, 16, 8, 1, 165),
(1532, 17, 7, 1, 165),
(1533, 11, 6, 1, 165),
(1534, 12, 6, 1, 165),
(1535, 6, 5, 1, 165),
(1536, 7, 5, 1, 165),
(1537, 8, 6, 1, 165),
(1538, 5, 5, 1, 165),
(1539, 176, 108, 0, 165),
(1540, 162, 53, 1, 165),
(1541, 159, 88, 1, 165),
(1542, 155, 53, 1, 165),
(1543, 150, 74, 1, 165),
(1544, 140, 55, 1, 165),
(1545, 135, 68, 1, 165),
(1546, 132, 42, 1, 165),
(1547, 142, 67, 1, 165),
(1548, 139, 41, 1, 165),
(1549, 10, 5, 1, 165),
(1550, 13, 5, 1, 165),
(1551, 9, 3, 1, 165),
(1552, 14, 5, 1, 165),
(1553, 18, 6, 1, 165),
(1554, 34, 5, 1, 165),
(1555, 29, 6, 1, 165),
(1556, 30, 13, 1, 165),
(1557, 31, 11, 1, 165),
(1558, 40, 15, 1, 165),
(1559, 48, 20, 1, 165),
(1560, 49, 22, 1, 165),
(1561, 45, 20, 1, 165),
(1562, 59, 29, 1, 165),
(1563, 62, 24, 1, 165),
(1564, 61, 22, 1, 165),
(1565, 75, 30, 1, 165),
(1566, 71, 26, 1, 165),
(1567, 72, 43, 1, 165),
(1568, 67, 33, 1, 165),
(1569, 68, 20, 1, 165),
(1570, 64, 30, 1, 165),
(1571, 78, 30, 1, 165),
(1572, 80, 40, 1, 165),
(1573, 83, 40, 1, 165),
(1574, 86, 42, 1, 165),
(1575, 97, 40, 1, 165),
(1576, 102, 40, 1, 165),
(1577, 107, 55, 1, 165),
(1578, 104, 37, 1, 165),
(1579, 167, 85, 1, 188),
(1580, 164, 52, 1, 188),
(1581, 161, 98, 1, 188),
(1582, 163, 79, 1, 188),
(1583, 158, 73, 1, 188),
(1584, 160, 88, 1, 188),
(1585, 153, 43, 1, 188),
(1586, 154, 65, 1, 188),
(1587, 156, 68, 1, 188),
(1588, 157, 47, 1, 188),
(1589, 148, 90, 1, 188),
(1590, 149, 48, 1, 188),
(1591, 151, 35, 1, 188),
(1592, 152, 51, 1, 188),
(1593, 144, 55, 1, 188),
(1594, 145, 55, 1, 188),
(1595, 146, 55, 1, 188),
(1596, 147, 85, 1, 188),
(1597, 143, 75, 1, 188),
(1598, 141, 37, 1, 188),
(1599, 136, 80, 1, 188),
(1600, 137, 33, 1, 188),
(1601, 138, 73, 1, 188),
(1602, 133, 30, 1, 188),
(1603, 134, 68, 1, 188),
(1604, 130, 58, 1, 188),
(1605, 131, 42, 1, 188),
(1606, 126, 48, 1, 188),
(1607, 127, 110, 1, 188),
(1608, 128, 110, 1, 188),
(1609, 129, 48, 1, 188),
(1610, 124, 60, 1, 188),
(1611, 125, 70, 1, 188),
(1612, 122, 68, 1, 188),
(1613, 123, 40, 1, 188),
(1614, 119, 58, 1, 188),
(1615, 120, 45, 1, 188),
(1616, 121, 45, 1, 188),
(1617, 116, 51, 1, 188),
(1618, 117, 38, 1, 188),
(1619, 118, 58, 1, 188),
(1620, 113, 59, 1, 188),
(1621, 114, 53, 1, 188),
(1622, 115, 43, 1, 188),
(1623, 109, 54, 1, 188),
(1624, 110, 35, 1, 188),
(1625, 111, 73, 1, 188),
(1626, 112, 58, 1, 188),
(1627, 108, 36, 1, 188),
(1628, 105, 56, 1, 188),
(1629, 106, 38, 1, 188),
(1630, 101, 70, 1, 188),
(1631, 103, 60, 1, 188),
(1632, 98, 45, 1, 188),
(1633, 99, 80, 1, 188),
(1634, 100, 55, 1, 188),
(1635, 94, 38, 1, 188),
(1636, 95, 80, 1, 188),
(1637, 96, 43, 1, 188),
(1638, 90, 30, 1, 188),
(1639, 91, 35, 1, 188),
(1640, 92, 65, 1, 188),
(1641, 93, 49, 1, 188),
(1642, 87, 30, 1, 188),
(1643, 88, 60, 1, 188),
(1644, 89, 58, 1, 188),
(1645, 84, 52, 1, 188),
(1646, 85, 60, 1, 188),
(1647, 81, 50, 1, 188),
(1648, 82, 50, 1, 188),
(1649, 77, 60, 1, 188),
(1650, 79, 40, 1, 188),
(1651, 74, 40, 1, 188),
(1652, 76, 40, 1, 188),
(1653, 70, 40, 1, 188),
(1654, 73, 35, 1, 188),
(1655, 66, 45, 1, 188),
(1656, 69, 30, 1, 188),
(1657, 63, 40, 1, 188),
(1658, 65, 37, 1, 188),
(1659, 60, 35, 1, 188),
(1660, 57, 16, 1, 188),
(1661, 58, 20, 1, 188),
(1662, 54, 24, 1, 188),
(1663, 55, 33, 1, 188),
(1664, 56, 30, 1, 188),
(1665, 50, 25, 1, 188),
(1666, 51, 26, 1, 188),
(1667, 52, 26, 1, 188),
(1668, 53, 29, 1, 188),
(1669, 46, 25, 1, 188),
(1670, 47, 26, 1, 188),
(1671, 42, 12, 1, 188),
(1672, 43, 18, 1, 188),
(1673, 38, 20, 1, 188),
(1674, 39, 17, 1, 188),
(1675, 41, 17, 1, 188),
(1676, 35, 16, 1, 188),
(1677, 36, 22, 1, 188),
(1678, 37, 13, 1, 188),
(1679, 32, 13, 1, 188),
(1680, 33, 13, 1, 188),
(1681, 26, 12, 1, 188),
(1682, 27, 13, 1, 188),
(1683, 28, 11, 1, 188),
(1684, 23, 13, 1, 188),
(1685, 24, 12, 1, 188),
(1686, 25, 14, 1, 188),
(1687, 19, 7, 1, 188),
(1688, 20, 9, 1, 188),
(1689, 21, 10, 1, 188),
(1690, 22, 8, 1, 188),
(1691, 15, 8, 1, 188),
(1692, 16, 8, 1, 188),
(1693, 17, 7, 1, 188),
(1694, 11, 6, 1, 188),
(1695, 12, 6, 1, 188),
(1696, 6, 5, 1, 188),
(1697, 7, 5, 1, 188),
(1698, 8, 6, 1, 188),
(1699, 4, 4, 1, 188),
(1700, 5, 5, 1, 188),
(1701, 1, 3, 1, 188),
(1702, 2, 3, 1, 188),
(1703, 3, 3, 1, 188),
(1704, 166, 57, 1, 188),
(1705, 165, 102, 1, 188),
(1706, 174, 77, 1, 188),
(1707, 169, 59, 1, 188),
(1708, 170, 62, 1, 188),
(1709, 171, 67, 1, 188),
(1710, 176, 108, 1, 188),
(1711, 173, 110, 1, 188),
(1712, 168, 79, 1, 188),
(1713, 172, 73, 1, 188),
(1714, 162, 53, 1, 188),
(1715, 159, 88, 1, 188),
(1716, 155, 53, 1, 188),
(1717, 150, 74, 1, 188),
(1718, 140, 55, 1, 188),
(1719, 135, 68, 1, 188),
(1720, 132, 42, 1, 188),
(1721, 142, 67, 1, 188),
(1722, 139, 41, 1, 188),
(1723, 104, 37, 1, 188),
(1724, 107, 55, 1, 188),
(1725, 102, 40, 1, 188),
(1726, 97, 40, 1, 188),
(1727, 86, 42, 1, 188),
(1728, 83, 40, 1, 188),
(1729, 78, 30, 1, 188),
(1730, 75, 30, 1, 188),
(1731, 71, 26, 1, 188),
(1732, 72, 43, 1, 188),
(1733, 67, 33, 1, 188),
(1734, 68, 20, 1, 188),
(1735, 64, 30, 1, 188),
(1736, 80, 40, 1, 188),
(1737, 61, 22, 1, 188),
(1738, 62, 24, 1, 188),
(1739, 59, 29, 1, 188),
(1740, 48, 20, 1, 188),
(1741, 49, 22, 1, 188),
(1742, 45, 20, 1, 188),
(1743, 40, 15, 1, 188),
(1744, 34, 5, 1, 188),
(1745, 29, 6, 1, 188),
(1746, 30, 13, 1, 188),
(1747, 31, 11, 1, 188),
(1748, 18, 6, 1, 188),
(1749, 13, 5, 1, 188),
(1750, 14, 5, 1, 188),
(1751, 9, 3, 1, 188),
(1752, 10, 5, 1, 188),
(1753, 268, 118, 1, 140),
(1754, 266, 158, 1, 140),
(1755, 267, 140, 1, 140),
(1756, 265, 136, 1, 140),
(1757, 264, 138, 1, 140),
(1758, 262, 108, 1, 140),
(1759, 263, 122, 1, 140),
(1760, 261, 115, 1, 140),
(1761, 260, 130, 1, 140);

-- --------------------------------------------------------

--
-- Structure de la table `player`
--

CREATE TABLE IF NOT EXISTS `player` (
  `player_id` int(11) NOT NULL AUTO_INCREMENT,
  `account_id` int(11) NOT NULL,
  `world_id` int(11) NOT NULL,
  `resources_date_update` int(11) NOT NULL,
  `guild_id` int(11) DEFAULT NULL,
  `level_id` int(11) DEFAULT NULL,
  `pf_prod` int(11) NOT NULL,
  PRIMARY KEY (`player_id`)
) ENGINE=MyISAM  DEFAULT CHARSET=utf8 AUTO_INCREMENT=190 ;

--
-- Contenu de la table `player`
--

INSERT INTO `player` (`player_id`, `account_id`, `world_id`, `resources_date_update`, `guild_id`, `level_id`, `pf_prod`) VALUES
(135, 144, 1, 0, NULL, NULL, 0),
(136, 179, 1, 0, 76, 1, 0),
(137, 180, 12, 0, NULL, NULL, 0),
(138, 180, 2, 0, NULL, NULL, 0),
(139, 181, 12, 0, 77, 1, 24),
(140, 179, 12, 1464117459, 77, 1, 30),
(141, 182, 1, 0, 76, 3, 0),
(142, 183, 1, 0, NULL, NULL, 0),
(143, 179, 11, 0, NULL, NULL, 0),
(144, 179, 2, 0, NULL, NULL, 0),
(145, 179, 16, 0, NULL, NULL, 10),
(146, 185, 12, 0, 0, 0, 0),
(147, 186, 12, 0, NULL, NULL, 0),
(148, 184, 15, 0, NULL, NULL, 0),
(149, 184, 1, 0, 76, 2, 0),
(150, 187, 12, 0, 77, 1, 30),
(185, 179, 14, 0, NULL, NULL, 0),
(152, 189, 12, 0, NULL, NULL, 0),
(153, 192, 12, 0, NULL, NULL, 0),
(154, 193, 12, 0, 82, 3, 0),
(155, 194, 12, 0, NULL, NULL, 0),
(156, 195, 12, 0, NULL, NULL, 0),
(157, 196, 12, 0, NULL, NULL, 0),
(158, 197, 16, 0, NULL, NULL, 0),
(159, 198, 12, 0, NULL, NULL, 0),
(160, 199, 12, 0, 77, 3, 0),
(161, 192, 2, 0, NULL, NULL, 0),
(162, 200, 8, 0, NULL, NULL, 0),
(163, 201, 12, 0, NULL, NULL, 0),
(164, 202, 12, 0, NULL, NULL, 0),
(165, 203, 12, 0, NULL, NULL, 42),
(166, 204, 12, 0, NULL, NULL, 0),
(167, 205, 12, 0, NULL, NULL, 0),
(168, 206, 12, 0, NULL, NULL, 0),
(169, 179, 6, 0, NULL, NULL, 0),
(170, 179, 3, 0, NULL, NULL, 0),
(171, 207, 9, 0, NULL, NULL, 20),
(172, 209, 12, 0, NULL, NULL, 0),
(173, 210, 12, 0, NULL, NULL, 43),
(174, 179, 4, 0, NULL, NULL, 0),
(175, 211, 7, 0, 87, 1, 0),
(176, 179, 7, 0, 88, 1, 0),
(177, 212, 7, 1451398750, NULL, NULL, 0),
(178, 179, 13, 0, NULL, NULL, 0),
(179, 216, 12, 0, NULL, NULL, 0),
(180, 217, 12, 1455151059, NULL, NULL, 0),
(181, 217, 11, 0, NULL, NULL, 0),
(182, 217, 10, 0, NULL, NULL, 0),
(183, 217, 8, 0, NULL, NULL, 0),
(184, 218, 12, 1455144105, NULL, NULL, 26),
(186, 219, 12, 0, NULL, NULL, 0),
(187, 216, 2, 0, NULL, NULL, 0),
(188, 203, 11, 0, NULL, NULL, 42),
(189, 216, 9, 0, NULL, NULL, 0);

-- --------------------------------------------------------

--
-- Structure de la table `resources`
--

CREATE TABLE IF NOT EXISTS `resources` (
  `id` int(11) NOT NULL AUTO_INCREMENT,
  `name` varchar(25) NOT NULL,
  `age_id` int(11) NOT NULL,
  `image_name` varchar(25) NOT NULL,
  PRIMARY KEY (`id`)
) ENGINE=MyISAM  DEFAULT CHARSET=utf8 AUTO_INCREMENT=73 ;

--
-- Contenu de la table `resources`
--

INSERT INTO `resources` (`id`, `name`, `age_id`, `image_name`) VALUES
(8, 'Calcaire', 2, 'calcaire.png'),
(3, 'Pierre', 1, 'pierre.png'),
(4, 'Bois', 1, 'bois.png'),
(5, 'Marbre', 1, 'marbre.png'),
(6, 'Teinture', 1, 'teinture.png'),
(7, 'Vin', 1, 'vin.png'),
(9, 'Bois d''ébène', 2, 'ebene.png'),
(10, 'Fer', 2, 'fer.png'),
(11, 'Tissu', 2, 'tissu.png'),
(12, 'Bijoux', 2, 'bijoux.png'),
(13, 'Cuivre', 3, 'cuivre.png'),
(14, 'Granite', 3, 'granite.png'),
(15, 'Albâtre', 3, 'albatre.png'),
(16, 'Or', 3, 'or.png'),
(17, 'Miel', 3, 'miel.png'),
(18, 'Brique', 4, 'brique.png'),
(19, 'Corde', 4, 'corde.png'),
(20, 'Sel', 4, 'sel.png'),
(21, 'Herbes séchées', 4, 'herbes.png'),
(22, 'Verre', 4, 'verre.png'),
(23, 'Basalte', 5, 'basalte.png'),
(24, 'Laiton', 5, 'laiton.png'),
(25, 'Soie', 5, 'soie.png'),
(26, 'Poudre à talquer', 5, 'talquer.png'),
(27, 'Poudre à canon', 5, 'canon.png'),
(28, 'Papier', 6, 'papier.png'),
(29, 'Café', 6, 'cafe.png'),
(30, 'Fil', 6, 'fil.png'),
(31, 'Porcelaine', 6, 'porcelaine.png'),
(32, 'Goudron', 6, 'goudron.png'),
(33, 'Caoutchouc', 7, 'caoutchouc.png'),
(34, 'Coke', 7, 'coke.png'),
(35, 'Textiles', 7, 'textile.png'),
(36, 'Huile de baleine', 7, 'huile.png'),
(37, 'Engrais', 7, 'engrais.png'),
(38, 'Amiante', 8, 'amiante.png'),
(39, 'Essence', 8, 'essence.png'),
(40, 'Pièces détachées', 8, 'piece.png'),
(41, 'Fer-blanc', 8, 'fer_blanc.png'),
(42, 'Explosifs', 8, 'explosifs.png'),
(43, 'Béton armé', 9, 'beton_arme.png'),
(44, 'Plats cuisinés', 9, 'plats.png'),
(45, 'Arômes', 9, 'arome.png'),
(46, 'Emballages', 9, 'emballages.png'),
(47, 'Produits de luxe', 9, 'luxe.png'),
(48, 'Ressources renouvelables', 10, 'renouvelable.png'),
(49, 'Acier', 10, 'acier.png'),
(50, 'Semi-conducteurs', 10, 'conducteurs.png'),
(51, 'Filtres industriels', 10, 'filtres.png'),
(52, 'Données génétiques', 10, 'genetique.png'),
(53, 'Electro-aimants', 11, 'aimants.png'),
(54, 'Gaz', 11, 'gaz.png'),
(55, 'Plastique', 11, 'plastique.png'),
(56, 'Robots', 11, 'robots.png'),
(57, 'Données bioniques', 11, 'bionique.png'),
(58, 'Béton translucide', 12, 'beton_translucide.png'),
(59, 'Matériaux intelligents', 12, 'intelligent.png'),
(60, 'Liant papier', 12, 'liant_papier.png'),
(61, 'Conservateurs', 12, 'conservateur.png'),
(62, 'Recherches en nutrition', 12, 'nutrition.png'),
(63, 'Données biogéochimiques', 13, 'bio.png'),
(64, 'Eau purifiée', 13, 'eau_pure.png'),
(65, 'Algues', 13, 'algue.png'),
(66, 'Supraconducteur', 13, 'supraconducteur.png'),
(67, 'Nanoparticules', 13, 'nanoparticule.png'),
(68, 'Nanocâble', 14, 'nanocable.png'),
(69, 'Gaz transester', 14, 'gaz_transester.png'),
(70, 'Données d''IA', 14, 'ia.png'),
(71, 'Piles en papier', 14, 'pile.png'),
(72, 'Bioplastiques', 14, 'bioplastic.png');

-- --------------------------------------------------------

--
-- Structure de la table `seek`
--

CREATE TABLE IF NOT EXISTS `seek` (
  `id` int(11) NOT NULL AUTO_INCREMENT,
  `name` varchar(40) NOT NULL,
  `pf` int(11) NOT NULL,
  `resource1_id` int(11) DEFAULT NULL,
  `resource2_id` int(11) DEFAULT NULL,
  `nb_resource1` int(11) DEFAULT NULL,
  `nb_resource2` int(11) DEFAULT NULL,
  `age_id` int(11) NOT NULL,
  `col` int(11) NOT NULL,
  `li` int(11) NOT NULL,
  `link` text,
  PRIMARY KEY (`id`)
) ENGINE=MyISAM  DEFAULT CHARSET=utf8 AUTO_INCREMENT=269 ;

--
-- Contenu de la table `seek`
--

INSERT INTO `seek` (`id`, `name`, `pf`, `resource1_id`, `resource2_id`, `nb_resource1`, `nb_resource2`, `age_id`, `col`, `li`, `link`) VALUES
(1, 'Maison sur pilotis', 3, NULL, NULL, NULL, NULL, 1, 1, 1, NULL),
(2, 'Lances', 3, NULL, NULL, NULL, NULL, 1, 1, 2, NULL),
(3, 'Poterie', 3, NULL, NULL, NULL, NULL, 1, 1, 3, NULL),
(4, 'La roue', 4, NULL, NULL, NULL, NULL, 1, 2, 1, 'a:2:{i:0;i:1;i:1;i:2;}'),
(5, 'Batiment', 5, NULL, NULL, NULL, NULL, 1, 2, 2, 'a:2:{i:0;i:2;i:1;i:3;}'),
(6, 'Frondes', 5, NULL, NULL, NULL, NULL, 1, 3, 1, 'a:1:{i:0;i:4;}'),
(7, 'Chalet', 5, NULL, NULL, NULL, NULL, 1, 3, 2, 'a:1:{i:0;i:5;}'),
(8, 'Cultures', 6, NULL, NULL, NULL, NULL, 1, 3, 3, 'a:2:{i:0;i:4;i:1;i:5;}'),
(9, 'Outils', 3, NULL, NULL, NULL, NULL, 1, 3, 4, 'a:1:{i:0;i:5;}'),
(10, 'Plantations', 5, NULL, NULL, NULL, NULL, 1, 4, 1, 'a:1:{i:0;i:7;}'),
(11, 'Equitation', 6, NULL, NULL, NULL, NULL, 1, 4, 2, 'a:2:{i:0;i:6;i:1;i:7;}'),
(12, 'Chaumière', 6, NULL, NULL, NULL, NULL, 1, 4, 3, 'a:1:{i:0;i:8;}'),
(13, 'Taille de pierre', 5, NULL, NULL, NULL, NULL, 1, 4, 4, 'a:1:{i:0;i:9;}'),
(14, 'Travail du bois', 5, NULL, NULL, NULL, NULL, 1, 4, 5, 'a:1:{i:0;i:9;}'),
(15, 'Phalanges', 8, NULL, NULL, NULL, NULL, 1, 5, 1, 'a:2:{i:0;i:11;i:1;i:12;}'),
(16, 'Forge', 8, NULL, NULL, NULL, NULL, 1, 5, 2, 'a:1:{i:0;i:12;}'),
(17, 'Education', 7, NULL, NULL, NULL, NULL, 1, 5, 3, 'a:1:{i:0;i:12;}'),
(18, 'Sculpture', 6, 5, 4, 2, 2, 1, 5, 4, 'a:2:{i:0;i:13;i:1;i:14;}'),
(19, 'Voies', 7, NULL, NULL, NULL, NULL, 1, 6, 1, 'a:1:{i:0;i:15;}'),
(20, 'Armes de siège', 9, NULL, NULL, NULL, NULL, 1, 6, 2, 'a:2:{i:0;i:15;i:1;i:16;}'),
(21, 'Brassage', 10, NULL, NULL, NULL, NULL, 1, 6, 3, 'a:2:{i:0;i:16;i:1;i:17;}'),
(22, 'Fumure', 8, NULL, NULL, NULL, NULL, 1, 6, 4, 'a:1:{i:0;i:17;}'),
(23, 'Maisonnette', 13, NULL, NULL, NULL, NULL, 2, 1, 1, 'a:2:{i:0;i:19;i:1;i:20;}'),
(24, 'Architecture', 12, 3, NULL, 5, NULL, 2, 1, 2, 'a:2:{i:0;i:20;i:1;i:21;}'),
(25, 'Milice', 14, 7, NULL, 8, NULL, 2, 1, 3, 'a:2:{i:0;i:21;i:1;i:22;}'),
(26, 'Elevage du bétail', 12, NULL, NULL, NULL, NULL, 2, 2, 1, 'a:1:{i:0;i:23;}'),
(27, 'Cortèges', 13, 6, NULL, 12, NULL, 2, 2, 2, 'a:2:{i:0;i:23;i:1;i:24;}'),
(28, 'Traitement', 11, NULL, NULL, NULL, NULL, 2, 2, 3, 'a:2:{i:0;i:24;i:1;i:25;}'),
(29, 'Travail du fer', 6, NULL, NULL, NULL, NULL, 2, 2, 4, 'a:1:{i:0;i:25;}'),
(30, 'Artisanat', 13, NULL, NULL, NULL, NULL, 2, 2, 5, 'a:1:{i:0;i:25;}'),
(31, 'Agriculture', 11, 4, NULL, 30, NULL, 2, 3, 1, 'a:1:{i:0;i:26;}'),
(32, 'Maison', 13, NULL, NULL, NULL, NULL, 2, 3, 2, 'a:2:{i:0;i:26;i:1;i:27;}'),
(33, 'Archerie', 13, 5, NULL, 16, NULL, 2, 3, 3, 'a:2:{i:0;i:27;i:1;i:28;}'),
(34, 'Système d''égouts', 5, 6, 8, 15, 3, 2, 3, 4, 'a:2:{i:0;i:29;i:1;i:30;}'),
(35, 'Boucherie', 16, NULL, NULL, NULL, NULL, 2, 4, 1, 'a:1:{i:0;i:32;}'),
(36, 'Tactiques militaires', 22, NULL, NULL, NULL, NULL, 2, 4, 2, 'a:2:{i:0;i:32;i:1;i:33;}'),
(37, 'Fortifications', 13, 3, 9, 20, 4, 2, 4, 3, 'a:2:{i:0;i:32;i:1;i:33;}'),
(38, 'Mathématiques', 20, NULL, NULL, NULL, NULL, 2, 5, 1, 'a:2:{i:0;i:35;i:1;i:36;}'),
(39, 'Thermes', 17, 5, 11, 21, 11, 2, 5, 2, 'a:2:{i:0;i:36;i:1;i:37;}'),
(40, 'Labourage', 15, 4, 10, 30, 13, 2, 5, 3, 'a:1:{i:0;i:37;}'),
(41, 'Chaîne de commandement', 17, 7, 12, 50, 16, 2, 5, 4, 'a:1:{i:0;i:37;}'),
(42, 'Maisons à charpente', 12, NULL, NULL, NULL, NULL, 3, 1, 1, 'a:2:{i:0;s:2:"38";i:1;s:2:"39";}'),
(43, 'Tannage', 18, NULL, NULL, NULL, NULL, 3, 1, 2, 'a:2:{i:0;s:2:"38";i:1;s:2:"41";}'),
(44, 'Maison à étages', 23, NULL, NULL, NULL, NULL, 3, 1, 3, 'a:1:{i:0;s:2:"41";}'),
(45, 'Moulage', 20, NULL, NULL, NULL, NULL, 3, 2, 1, 'a:1:{i:0;s:2:"42";}'),
(46, 'Archers montés', 25, 9, 5, 28, 22, 3, 2, 2, 'a:2:{i:0;s:2:"42";i:1;s:2:"43";}'),
(47, 'Economie', 26, 12, 6, 20, 46, 3, 2, 3, 'a:2:{i:0;s:2:"42";i:1;s:2:"43";}'),
(48, 'Rucher', 20, NULL, NULL, NULL, NULL, 3, 2, 4, 'a:1:{i:0;s:2:"43";}'),
(49, 'Carrières', 22, NULL, NULL, NULL, NULL, 3, 2, 5, 'a:1:{i:0;s:2:"43";}'),
(50, 'Logement', 25, 8, 4, 40, 34, 3, 3, 1, 'a:1:{i:0;s:2:"46";}'),
(51, 'Police', 26, NULL, NULL, NULL, NULL, 3, 3, 2, 'a:1:{i:0;s:2:"46";}'),
(52, 'Mercenaires', 26, 10, 7, 42, 35, 3, 3, 3, 'a:2:{i:0;s:2:"46";i:1;s:2:"47";}'),
(53, 'Travail du cuir', 29, 11, 3, 49, 61, 3, 3, 4, 'a:1:{i:0;s:2:"47";}'),
(54, 'Maison en bois', 24, 9, 14, 35, 4, 3, 4, 1, 'a:2:{i:0;s:2:"50";i:1;s:2:"51";}'),
(55, 'Cavalerie lourde', 33, NULL, NULL, NULL, NULL, 3, 4, 2, 'a:1:{i:0;s:2:"52";}'),
(56, 'Infanterie en armure', 30, NULL, NULL, NULL, NULL, 3, 4, 3, 'a:1:{i:0;s:2:"53";}'),
(57, 'Acqueducs', 16, 8, 15, 30, 14, 3, 5, 1, 'a:2:{i:0;s:2:"54";i:1;s:2:"55";}'),
(58, 'Exécutions', 20, 11, 17, 28, 20, 3, 5, 2, 'a:2:{i:0;s:2:"55";i:1;s:2:"56";}'),
(59, 'Rotations des cultures', 29, NULL, NULL, NULL, NULL, 3, 6, 1, 'a:1:{i:0;s:2:"57";}'),
(60, 'Physique', 35, 10, 13, 40, 23, 3, 6, 2, 'a:2:{i:0;s:2:"57";i:1;s:2:"58";}'),
(61, 'Fertilisation', 22, NULL, NULL, NULL, NULL, 3, 6, 3, 'a:1:{i:0;s:2:"58";}'),
(62, 'Monarchie', 24, 12, 16, 70, 30, 3, 6, 4, 'a:1:{i:0;s:2:"58";}'),
(63, 'Contre-stratégie', 40, 15, 9, 20, 42, 4, 1, 1, 'a:1:{i:0;s:2:"60";}'),
(64, 'Produits de qualité', 30, 13, 12, 20, 10, 4, 1, 2, 'a:1:{i:0;s:2:"60";}'),
(65, 'Alchimie', 37, 17, 11, 30, 30, 4, 1, 3, 'a:1:{i:0;s:2:"60";}'),
(66, 'Arbalètes', 45, NULL, NULL, NULL, NULL, 4, 2, 1, 'a:1:{i:0;s:2:"63";}'),
(67, 'Guildes', 33, NULL, NULL, NULL, NULL, 4, 2, 2, 'a:1:{i:0;s:2:"64";}'),
(68, 'Conservation', 20, NULL, NULL, NULL, NULL, 4, 2, 3, 'a:2:{i:0;s:2:"64";i:1;s:2:"65";}'),
(69, 'Maison en grès brun', 30, 14, 8, 60, 28, 4, 2, 4, 'a:1:{i:0;s:2:"65";}'),
(70, 'Monothéisme', 40, 16, 10, 41, 47, 4, 3, 1, 'a:1:{i:0;s:2:"66";}'),
(71, 'Routes commerciales', 26, NULL, NULL, NULL, NULL, 4, 3, 2, 'a:1:{i:0;s:2:"67";}'),
(72, 'Chimie', 43, NULL, NULL, NULL, NULL, 4, 3, 3, 'a:1:{i:0;s:2:"68";}'),
(73, 'Signalisation', 35, NULL, NULL, NULL, NULL, 4, 3, 4, 'a:1:{i:0;s:2:"69";}'),
(74, 'Chevalerie', 40, 3, 19, 66, 4, 4, 4, 1, 'a:1:{i:0;s:2:"70";}'),
(75, 'Défrichage', 30, NULL, NULL, NULL, NULL, 4, 4, 2, 'a:2:{i:0;s:2:"71";i:1;s:2:"72";}'),
(76, 'Grenier', 40, 4, 20, 79, 22, 4, 4, 3, 'a:1:{i:0;s:2:"73";}'),
(77, 'Armure lourde', 60, 6, 21, 90, 34, 4, 5, 1, 'a:1:{i:0;s:2:"74";}'),
(78, 'Roues à aube', 30, NULL, NULL, NULL, NULL, 4, 5, 2, 'a:1:{i:0;s:2:"75";}'),
(79, 'Médecine', 40, NULL, NULL, NULL, NULL, 4, 5, 3, 'a:1:{i:0;s:2:"76";}'),
(80, 'Maison de ville', 40, 7, 18, 71, 40, 4, 5, 4, 'a:1:{i:0;s:2:"76";}'),
(81, 'Engins de siège lourds', 50, NULL, NULL, NULL, NULL, 4, 6, 1, 'a:2:{i:0;s:2:"77";i:1;s:2:"79";}'),
(82, 'Hôpitaux', 50, NULL, NULL, NULL, NULL, 4, 6, 2, 'a:2:{i:0;s:2:"77";i:1;s:2:"79";}'),
(83, 'Travail du métal', 40, NULL, NULL, NULL, NULL, 5, 1, 1, 'a:1:{i:0;s:2:"81";}'),
(84, 'Grue', 52, NULL, NULL, NULL, NULL, 5, 1, 2, 'a:1:{i:0;s:2:"81";}'),
(85, 'Biologie', 60, NULL, NULL, NULL, NULL, 5, 1, 3, 'a:1:{i:0;s:2:"82";}'),
(86, 'Aristocratie', 42, NULL, NULL, NULL, NULL, 5, 1, 4, 'a:1:{i:0;s:2:"82";}'),
(87, 'Cartographie', 30, 19, 16, 120, 110, 5, 2, 1, 'a:1:{i:0;s:2:"84";}'),
(88, 'Propriété', 60, 18, 17, 60, 140, 5, 2, 2, 'a:2:{i:0;s:2:"84";i:1;s:2:"85";}'),
(89, 'Epées à deux mains', 58, 21, 13, 80, 150, 5, 2, 3, 'a:2:{i:0;s:2:"84";i:1;s:2:"85";}'),
(90, 'Nouvelles routes commerciales', 30, 20, 14, 100, 140, 5, 3, 1, 'a:1:{i:0;s:2:"87";}'),
(91, 'Réservoirs d''eau', 35, NULL, NULL, NULL, NULL, 5, 3, 2, 'a:1:{i:0;s:2:"88";}'),
(92, 'Arcs longs', 65, NULL, NULL, NULL, NULL, 5, 3, 3, 'a:1:{i:0;s:2:"89";}'),
(93, 'Manufacture', 49, 22, 15, 80, 200, 5, 3, 4, 'a:1:{i:0;s:2:"89";}'),
(94, 'Espionnage', 38, NULL, NULL, NULL, NULL, 5, 4, 1, 'a:2:{i:0;s:2:"90";i:1;s:2:"91";}'),
(95, 'Tactiques de cavalerie', 80, NULL, NULL, NULL, NULL, 5, 4, 2, 'a:1:{i:0;s:2:"92";}'),
(96, 'Imprimerie', 43, NULL, NULL, NULL, NULL, 5, 4, 3, 'a:2:{i:0;s:2:"92";i:1;s:2:"93";}'),
(97, 'Optique', 40, NULL, NULL, NULL, NULL, 5, 4, 4, 'a:1:{i:0;s:2:"93";}'),
(98, 'Enseignement supérieur', 45, 27, 9, 50, 140, 5, 5, 1, 'a:1:{i:0;s:2:"94";}'),
(99, 'Carré de piques', 80, 25, 8, 40, 150, 5, 5, 2, 'a:2:{i:0;s:2:"94";i:1;s:2:"95";}'),
(100, 'Cuves de brassage', 55, 24, 10, 50, 100, 5, 5, 3, 'a:1:{i:0;s:2:"96";}'),
(101, 'Appartements', 70, 26, 12, 70, 140, 5, 6, 1, 'a:2:{i:0;s:2:"98";i:1;s:2:"99";}'),
(102, 'Contrôle de la peste', 40, NULL, NULL, NULL, NULL, 5, 6, 2, 'a:2:{i:0;s:2:"98";i:1;s:2:"99";}'),
(103, 'Poudre à canon', 60, 23, 11, 80, 130, 5, 6, 3, 'a:2:{i:0;s:2:"99";i:1;s:3:"100";}'),
(104, 'Porcelaine', 37, NULL, NULL, NULL, NULL, 6, 1, 1, 'a:1:{i:0;s:3:"101";}'),
(105, 'Mousquet', 56, 27, 24, 70, 60, 6, 1, 2, 'a:1:{i:0;s:3:"101";}'),
(106, 'transport Maritime', 38, 19, 17, 110, 160, 6, 1, 3, 'a:1:{i:0;s:3:"103";}'),
(107, 'Biens industriels', 55, NULL, NULL, NULL, NULL, 6, 1, 4, 'a:1:{i:0;s:3:"103";}'),
(108, 'Colonies', 36, 20, 22, 100, 130, 6, 2, 1, 'a:2:{i:0;s:3:"105";i:1;s:3:"106";}'),
(109, 'Maison à arcade', 54, 23, 18, 60, 100, 6, 3, 1, 'a:1:{i:0;s:3:"108";}'),
(110, 'Produits des plantations', 35, 21, NULL, 110, NULL, 6, 3, 2, 'a:1:{i:0;s:3:"108";}'),
(111, 'Nouvelles cultures', 73, NULL, NULL, NULL, NULL, 6, 3, 3, 'a:1:{i:0;s:3:"108";}'),
(112, 'Exploration', 58, 16, 32, 40, 20, 6, 3, 4, 'a:1:{i:0;s:3:"108";}'),
(113, 'Mode', 59, 25, 26, 90, 140, 6, 4, 1, 'a:1:{i:0;s:3:"109";}'),
(114, 'Plantations', 53, 14, 32, 150, 20, 6, 4, 2, 'a:2:{i:0;s:3:"110";i:1;s:3:"111";}'),
(115, 'Chartes commerciales', 43, 16, NULL, 20, NULL, 6, 4, 3, 'a:2:{i:0;s:3:"111";i:1;s:3:"112";}'),
(116, 'Régiment rapide', 51, 29, 13, 40, 50, 6, 5, 1, 'a:1:{i:0;s:3:"113";}'),
(117, 'Maisons de campagne', 38, NULL, NULL, NULL, NULL, 6, 5, 2, 'a:1:{i:0;s:3:"114";}'),
(118, 'Impérialisme', 58, 31, 15, 60, 120, 6, 5, 3, 'a:1:{i:0;s:3:"115";}'),
(119, 'Malthusianisme', 58, 28, NULL, 80, NULL, 6, 6, 1, 'a:1:{i:0;s:3:"116";}'),
(120, 'Forces d''élites', 45, 25, 16, 60, 110, 6, 6, 2, 'a:2:{i:0;s:3:"116";i:1;s:3:"117";}'),
(121, 'Horlogerie', 45, 30, 13, 80, 110, 6, 6, 3, 'a:2:{i:0;s:3:"117";i:1;s:3:"118";}'),
(122, 'Maisons à mansarde', 68, 23, NULL, 100, NULL, 6, 7, 1, 'a:2:{i:0;s:3:"119";i:1;s:3:"120";}'),
(123, 'Artillerie de campagne', 40, 27, NULL, 80, NULL, 6, 7, 2, 'a:2:{i:0;s:3:"120";i:1;s:3:"121";}'),
(124, 'Industrialisation', 60, 18, 22, 90, 50, 7, 1, 1, 'a:2:{i:0;s:3:"122";i:1;s:3:"123";}'),
(125, 'Extraction', 70, 20, 23, 100, 60, 7, 1, 2, 'a:2:{i:0;s:3:"122";i:1;s:3:"123";}'),
(126, 'Fuils', 48, 25, 35, 100, 40, 7, 2, 1, 'a:1:{i:0;s:3:"124";}'),
(127, 'Chemin de fer', 110, 24, 34, 200, 50, 7, 2, 2, 'a:1:{i:0;s:3:"124";}'),
(128, 'Hygiène', 110, 21, 33, 190, 90, 7, 2, 3, 'a:1:{i:0;s:3:"125";}'),
(129, 'Chimie moderne', 48, 26, 22, 130, 50, 7, 2, 4, 'a:1:{i:0;s:3:"125";}'),
(130, 'Maisons d''ouvriers', 58, 37, 19, 45, 80, 7, 3, 1, 'a:2:{i:0;s:3:"126";i:1;s:3:"127";}'),
(131, 'L''Ouest', 42, 29, 19, 90, 110, 7, 3, 2, 'a:2:{i:0;s:3:"128";i:1;s:3:"129";}'),
(132, 'Reconnaissance', 42, 29, 25, 80, 30, 7, 4, 1, 'a:1:{i:0;s:3:"130";}'),
(133, 'Outils de précisions', 30, 30, 34, 160, 50, 7, 4, 2, 'a:2:{i:0;s:3:"130";i:1;s:3:"131";}'),
(134, 'Pensions', 68, 32, 31, 80, 60, 7, 4, 3, 'a:1:{i:0;s:3:"131";}'),
(135, 'Maisons victoriennes', 68, 36, 31, 60, 100, 7, 5, 1, 'a:2:{i:0;s:3:"132";i:1;s:3:"133";}'),
(136, 'Manufacture moderne', 80, 20, 22, 110, 60, 7, 5, 2, 'a:1:{i:0;s:3:"133";}'),
(137, 'Route moderne', 33, 32, 37, 70, 50, 7, 5, 3, 'a:1:{i:0;s:3:"133";}'),
(138, 'Manoeuvre de flanquement', 73, 36, 35, 50, 60, 7, 5, 4, 'a:2:{i:0;s:3:"133";i:1;s:3:"134";}'),
(139, 'Ordre général', 41, 28, 25, 120, 100, 7, 5, 5, 'a:2:{i:0;s:3:"133";i:1;s:3:"134";}'),
(140, 'Balistique', 55, 33, 27, 70, 110, 7, 6, 1, 'a:2:{i:0;s:3:"135";i:1;s:3:"136";}'),
(141, 'Infrastructure', 37, 18, 23, 130, 110, 7, 6, 2, 'a:3:{i:0;s:3:"136";i:1;s:3:"137";i:2;s:3:"138";}'),
(142, 'Chargement par la culasse', 67, 27, 24, 100, 60, 7, 6, 3, 'a:2:{i:0;s:3:"138";i:1;s:3:"139";}'),
(143, 'Voies de circulation', 75, 23, 32, 180, 100, 8, 1, 1, 'a:1:{i:0;s:3:"141";}'),
(144, 'Production de masse', 55, 24, 30, 130, 60, 8, 2, 1, 'a:1:{i:0;s:3:"143";}'),
(145, 'Explosifs modernes', 55, 27, 37, 160, 75, 8, 2, 2, 'a:1:{i:0;s:3:"143";}'),
(146, 'Raffinage du pétrole', 55, 31, 33, 110, 100, 8, 2, 3, 'a:1:{i:0;s:3:"143";}'),
(147, 'Matériaux modernes', 85, 26, 34, 60, 50, 8, 2, 4, 'a:1:{i:0;s:3:"143";}'),
(148, 'Electricité', 90, 30, 24, 80, 80, 8, 3, 1, 'a:1:{i:0;s:3:"144";}'),
(149, 'Fusée percutante', 48, 42, 40, 60, 20, 8, 3, 2, 'a:1:{i:0;s:3:"145";}'),
(150, 'Automobiles', 74, 40, 39, 60, 50, 8, 3, 3, 'a:1:{i:0;s:3:"146";}'),
(151, 'Urbanisation', 35, 29, 36, 90, 140, 8, 3, 4, 'a:2:{i:0;s:3:"146";i:1;s:3:"147";}'),
(152, 'Immeubles', 51, 26, 36, 90, 80, 8, 3, 5, 'a:1:{i:0;s:3:"147";}'),
(153, 'Réseau de distribution électrique', 43, 30, 34, 110, 130, 8, 4, 1, 'a:1:{i:0;s:3:"148";}'),
(154, 'Logements sociaux', 65, 26, 31, 90, 80, 8, 4, 2, 'a:1:{i:0;s:3:"149";}'),
(155, 'Blindage', 53, 41, 39, 150, 40, 8, 4, 3, 'a:1:{i:0;s:3:"150";}'),
(156, 'Journalisme', 68, 28, 25, 220, 150, 8, 4, 4, 'a:1:{i:0;s:3:"151";}'),
(157, 'Elevage en ranch', 47, 37, 39, 200, 80, 8, 4, 5, 'a:1:{i:0;s:3:"152";}'),
(158, 'Transports en commun', 73, 32, 40, 220, 140, 8, 5, 1, 'a:2:{i:0;s:3:"153";i:1;s:3:"154";}'),
(159, 'Véhicules à chenilles', 88, 40, 42, 110, 60, 8, 5, 2, 'a:1:{i:0;s:3:"155";}'),
(160, 'Mobilisation de masse', 88, 35, 29, 230, 230, 8, 5, 3, 'a:2:{i:0;s:3:"156";i:1;s:3:"157";}'),
(161, 'Tours d''habitation', 98, 38, 41, 180, 90, 8, 6, 1, 'a:1:{i:0;s:3:"158";}'),
(162, 'Fusils à lunette', 53, 42, 33, 180, 160, 8, 6, 2, 'a:1:{i:0;s:3:"159";}'),
(163, 'Antibiotiques', 79, 31, 41, 190, 110, 8, 6, 3, 'a:1:{i:0;s:3:"160";}'),
(164, 'Détente', 52, 38, 39, 150, 130, 8, 7, 1, 'a:2:{i:0;s:3:"161";i:1;s:3:"163";}'),
(165, 'Préfabrication', 102, 40, 34, 200, 200, 9, 1, 1, 'a:1:{i:0;s:3:"164";}'),
(166, 'Autoroutes', 57, 39, 32, 180, 130, 9, 1, 2, 'a:1:{i:0;s:3:"164";}'),
(167, 'transformation alimentaire', 85, 36, 41, 430, 100, 9, 1, 3, 'a:1:{i:0;s:3:"164";}'),
(168, 'Maisons en préfabriqué', 79, 43, 44, 190, 140, 9, 2, 1, 'a:1:{i:0;s:3:"165";}'),
(169, 'Infanterie mobile', 59, 40, 39, 90, 60, 9, 2, 2, 'a:2:{i:0;s:3:"165";i:1;s:3:"166";}'),
(170, 'Motels', 62, 38, 31, 130, 90, 9, 2, 3, 'a:1:{i:0;s:3:"166";}'),
(171, 'Artillerie mobile', 67, 42, 30, 180, 90, 9, 2, 4, 'a:2:{i:0;s:3:"166";i:1;s:3:"167";}'),
(172, 'Publicité', 73, 45, 46, 190, 140, 9, 2, 5, 'a:1:{i:0;s:3:"167";}'),
(173, 'Aviation commerciale', 110, 41, 34, 90, 120, 9, 3, 1, 'a:1:{i:0;s:3:"168";}'),
(174, 'Service 24/7', 77, 44, 29, 210, 90, 9, 3, 2, 'a:3:{i:0;s:3:"169";i:1;s:3:"170";i:2;s:3:"171";}'),
(175, 'Holywood', 111, 47, 42, 180, 60, 9, 3, 3, 'a:1:{i:0;s:3:"172";}'),
(176, 'Evénement sportif', 108, 35, 38, 140, 120, 9, 4, 1, 'a:1:{i:0;s:3:"173";}'),
(177, 'Déploiement rapide', 58, 35, 28, 160, 40, 9, 4, 2, 'a:2:{i:0;s:3:"173";i:1;s:3:"174";}'),
(178, 'Biens de consommation', 109, 40, 33, 160, 130, 9, 4, 3, 'a:2:{i:0;s:3:"174";i:1;s:3:"175";}'),
(179, 'Baby-boom', 56, 37, 46, 160, 140, 9, 4, 4, 'a:1:{i:0;s:3:"175";}'),
(180, 'Chars d''assaut modernes', 112, 41, 39, 150, 140, 9, 5, 1, 'a:2:{i:0;s:3:"177";i:1;s:3:"179";}'),
(181, 'Maisons de banlieue', 70, 47, 43, 150, 80, 9, 5, 2, 'a:2:{i:0;s:3:"178";i:1;s:3:"179";}'),
(182, 'Lutte antichar', 45, 42, 43, 90, 90, 9, 6, 1, 'a:2:{i:0;s:3:"180";i:1;s:3:"181";}'),
(183, 'Transport privé', 53, 40, 33, 180, 230, 10, 1, 1, 'a:1:{i:0;s:3:"182";}'),
(184, 'Acier industriel', 110, 34, 41, 250, 170, 10, 1, 2, 'a:1:{i:0;s:3:"182";}'),
(185, 'Egalité', 45, 35, 44, 160, 80, 10, 1, 3, 'a:1:{i:0;s:3:"182";}'),
(186, 'Conservation des espèces', 47, 36, 44, 140, 220, 10, 1, 4, 'a:1:{i:0;s:3:"182";}'),
(187, 'Electronique moderne', 120, 46, 33, 120, 100, 10, 1, 5, 'a:1:{i:0;s:3:"182";}'),
(188, 'Ressources renouvelables', 77, 37, 46, 370, 180, 10, 2, 1, 'a:1:{i:0;s:3:"183";}'),
(189, 'Tours d''habitation en préfabriqué', 99, 43, 49, 180, 200, 10, 2, 2, 'a:1:{i:0;s:3:"184";}'),
(190, 'Normes environnementales', 76, 38, 34, 140, 145, 10, 2, 3, 'a:1:{i:0;s:3:"185";}'),
(191, 'Recherche génétique', 82, 37, 45, 100, 130, 10, 2, 4, 'a:1:{i:0;s:3:"186";}'),
(192, 'Lance roquettes multiples', 88, 42, 50, 230, 80, 10, 2, 5, 'a:1:{i:0;s:3:"187";}'),
(193, 'Haute société', 5, 47, 45, 200, 190, 10, 3, 1, 'a:3:{i:0;s:3:"188";i:1;s:3:"189";i:2;s:3:"190";}'),
(194, 'Gestion des déchets', 39, 48, 51, 150, 160, 10, 3, 2, 'a:1:{i:0;s:3:"190";}'),
(195, 'Vol spatial', 123, 38, 50, 140, 180, 10, 3, 3, 'a:3:{i:0;s:3:"190";i:1;s:3:"191";i:2;s:3:"192";}'),
(196, 'Soutien d''infanterie', 50, 41, 40, 120, 50, 10, 3, 4, 'a:1:{i:0;s:3:"192";}'),
(197, 'Pavillons', 101, 47, 51, 180, 130, 10, 4, 1, 'a:1:{i:0;s:3:"193";}'),
(198, 'Blindage composite', 66, 49, 39, 180, 180, 10, 4, 2, 'a:1:{i:0;s:3:"195";}'),
(199, 'Maisons à deux appartements', 92, 43, 48, 70, 150, 10, 4, 3, 'a:1:{i:0;s:3:"196";}'),
(200, 'Droit de l''enfant', 76, 52, 44, 200, 140, 10, 5, 1, 'a:1:{i:0;s:3:"197";}'),
(201, 'Education physique', 93, 35, 33, 210, 120, 10, 5, 2, 'a:2:{i:0;s:3:"198";i:1;s:3:"199";}'),
(202, 'Tactiques de section', 121, 50, 39, 80, 50, 10, 6, 1, 'a:1:{i:0;s:3:"200";}'),
(203, 'Opérations spéciales', 117, 42, 38, 160, 60, 10, 6, 2, 'a:1:{i:0;s:3:"201";}'),
(204, 'Internet', 58, 50, 44, 250, 150, 11, 1, 1, 'a:2:{i:0;s:3:"202";i:1;s:3:"203";}'),
(205, 'Résidences au bord de l''eau', 95, 43, 51, 250, 200, 11, 2, 1, 'a:1:{i:0;s:3:"204";}'),
(206, 'Résidences avec locaux commerciaux', 75, 44, 49, 250, 200, 11, 2, 2, 'a:1:{i:0;s:3:"204";}'),
(207, 'Automatisation', 104, 40, 50, 290, 120, 11, 2, 3, 'a:1:{i:0;s:3:"204";}'),
(208, 'Bionique', 60, 52, 55, 400, 100, 11, 2, 4, 'a:1:{i:0;s:3:"204";}'),
(209, 'Industrie pétrolière', 101, 39, 41, 330, 160, 11, 2, 5, 'a:1:{i:0;s:3:"204";}'),
(210, 'Achats locaux', 99, 48, 46, 250, 200, 11, 3, 1, 'a:1:{i:0;s:3:"205";}'),
(211, 'Société de consommation', 61, 55, 47, 260, 400, 11, 3, 2, 'a:1:{i:0;s:3:"206";}'),
(212, 'Armure réactive', 110, 42, 49, 380, 200, 11, 3, 3, 'a:2:{i:0;s:3:"207";i:1;s:3:"208";}'),
(213, 'Appui-feu aérien', 82, 53, 40, 120, 100, 11, 3, 4, 'a:1:{i:0;s:3:"208";}'),
(214, 'Lance-missiles', 105, 38, 39, 480, 160, 11, 3, 5, 'a:1:{i:0;s:3:"209";}'),
(215, 'Services financiers', 44, 50, 54, 180, 260, 11, 4, 1, 'a:2:{i:0;s:3:"210";i:1;s:3:"211";}'),
(216, 'Mondialisation', 97, 46, 56, 400, 180, 11, 4, 2, 'a:3:{i:0;s:3:"211";i:1;s:3:"212";i:2;s:3:"213";}'),
(217, 'Défense aérienne mobile', 108, 53, 41, 250, 260, 11, 4, 3, 'a:2:{i:0;s:3:"213";i:1;s:3:"214";}'),
(218, 'Copropiétés', 90, 43, 51, 300, 200, 11, 5, 1, 'a:1:{i:0;s:3:"215";}'),
(219, 'Gestion du stress', 42, 45, 57, 400, 175, 11, 5, 2, 'a:2:{i:0;s:3:"215";i:1;s:3:"216";}'),
(220, 'Intervention militaire', 92, 54, 56, 250, 200, 11, 5, 3, 'a:2:{i:0;s:3:"216";i:1;s:3:"217";}'),
(221, 'Energie renouvelable', 107, 57, 48, 225, 250, 11, 6, 1, 'a:3:{i:0;s:3:"218";i:1;s:3:"219";i:2;s:3:"220";}'),
(222, 'Puissance de fusion', 140, 53, 50, 300, 180, 12, 1, 1, 'a:1:{i:0;s:3:"221";}'),
(223, 'Sience de la nutrition', 68, 44, 45, 410, 310, 12, 2, 1, 'a:1:{i:0;s:2:"22";}'),
(224, 'Matériaux recyclés', 20, 48, 46, 240, 420, 12, 2, 2, 'a:1:{i:0;s:3:"222";}'),
(225, 'Matériaux high-tech', 127, 51, 57, 270, 310, 12, 2, 3, 'a:1:{i:0;s:3:"222";}'),
(226, 'Fabrication additive', 102, 54, 48, 130, 310, 12, 2, 4, 'a:1:{i:0;s:3:"222";}'),
(227, 'Transmission d''énergie sans fil', 94, 50, 53, 290, 245, 12, 3, 1, 'a:1:{i:0;s:3:"223";}'),
(228, 'Hotels capsules', 66, 60, 43, 200, 440, 12, 3, 2, 'a:3:{i:0;s:3:"223";i:1;s:3:"224";i:2;s:3:"225";}'),
(229, 'Munitions perforantes', 118, 54, 49, 305, 120, 12, 3, 3, 'a:1:{i:0;s:3:"225";}'),
(230, 'Conception industrielle', 79, 58, 45, 180, 380, 12, 3, 4, 'a:2:{i:0;s:3:"225";i:1;s:3:"226";}'),
(231, 'Drones', 94, 57, 56, 255, 250, 12, 4, 1, 'a:1:{i:0;s:3:"227";}'),
(232, 'Vie nocturne', 68, 61, 47, 140, 490, 12, 4, 2, 'a:1:{i:0;s:3:"228";}'),
(233, 'Furtivité', 129, 59, 49, 80, 600, 12, 4, 3, 'a:2:{i:0;s:3:"229";i:1;s:3:"230";}'),
(234, 'Drones de combat', 118, 59, 56, 150, 250, 12, 5, 1, 'a:1:{i:0;s:3:"231";}'),
(235, 'Annexes', 60, 61, 62, 170, 190, 12, 5, 2, 'a:1:{i:0;s:3:"232";}'),
(236, 'Sécurité physique', 53, 60, 52, 330, 320, 12, 5, 3, 'a:2:{i:0;s:3:"232";i:1;s:3:"233";}'),
(237, 'Bonification', 145, 62, 51, 290, 480, 12, 6, 1, 'a:2:{i:0;s:3:"234";i:1;s:3:"235";}'),
(238, 'Surveillance', 145, 58, 52, 330, 430, 12, 6, 2, 'a:1:{i:0;s:3:"236";}'),
(239, 'tactique tout terrain', 90, 59, 55, 340, 550, 12, 6, 3, 'a:1:{i:0;s:3:"236";}'),
(240, 'Energie propre', 133, 61, 51, 300, 190, 13, 1, 1, 'a:3:{i:0;s:3:"237";i:1;s:3:"238";i:2;s:3:"239";}'),
(241, 'Sience à basse température', 71, 54, 60, 410, 330, 13, 2, 1, 'a:1:{i:0;s:3:"240";}'),
(242, 'Biochimie', 112, 52, 57, 150, 320, 13, 2, 2, 'a:1:{i:0;s:3:"240";}'),
(243, 'Siences de la Terre', 77, 53, 59, 420, 380, 13, 2, 3, 'a:1:{i:0;s:3:"240";}'),
(244, 'Energie marémotrice', 103, 58, 56, 320, 420, 13, 2, 4, 'a:1:{i:0;s:3:"240";}'),
(245, 'Anti-gravité', 97, 57, 59, 290, 500, 13, 3, 1, 'a:1:{i:0;s:3:"241";}'),
(246, 'Communication quantique', 109, 50, 55, 200, 400, 13, 3, 2, 'a:2:{i:0;s:3:"242";i:1;s:3:"243";}'),
(247, 'Maisons souterraines', 95, 49, 64, 300, 100, 13, 3, 3, 'a:2:{i:0;s:3:"242";i:1;s:3:"243";}'),
(248, 'Contrôle météorologique', 73, 53, 67, 420, 115, 13, 3, 4, 'a:2:{i:0;s:3:"243";i:1;s:3:"244";}'),
(249, 'Champs de gravité', 108, 50, 66, 240, 185, 13, 4, 1, 'a:1:{i:0;s:3:"245";}'),
(250, 'Ingénieurerie alimentaire', 109, 62, 65, 520, 190, 13, 4, 2, 'a:2:{i:0;s:3:"247";i:1;s:3:"248";}'),
(251, 'Routes solaires', 57, 58, 55, 400, 390, 13, 5, 1, 'a:2:{i:0;s:3:"249";i:1;s:3:"250";}'),
(252, 'Terraformation', 77, 48, 63, 450, 170, 13, 6, 1, 'a:1:{i:0;s:3:"251";}'),
(253, 'Xénominéralogie', 119, 51, 64, 170, 280, 13, 6, 2, 'a:1:{i:0;s:3:"251";}'),
(254, 'Maisons autosuffisantes', 91, 61, 67, 300, 160, 13, 6, 3, 'a:1:{i:0;s:3:"251";}'),
(255, 'Interface homme-machine', 74, 56, 52, 490, 300, 13, 6, 4, 'a:1:{i:0;s:3:"251";}'),
(256, 'Prévisions exactes', 84, 60, 67, 445, 190, 13, 7, 1, 'a:2:{i:0;s:3:"252";i:1;s:3:"253";}'),
(257, 'Réseaux orbitaux', 118, 57, 66, 425, 240, 13, 7, 2, 'a:2:{i:0;s:3:"253";i:1;s:3:"254";}'),
(258, 'Arcologies', 98, 61, 63, 340, 280, 13, 7, 3, 'a:2:{i:0;s:3:"254";i:1;s:3:"255";}'),
(259, 'Distribution gaussienne étendue', 82, 54, 65, 505, 270, 13, 8, 1, 'a:3:{i:0;s:3:"256";i:1;s:3:"257";i:2;s:3:"258";}'),
(260, 'Récoltes arctiques', 130, 63, 64, 220, 180, 14, 1, 1, 'a:1:{i:0;s:3:"259";}'),
(261, 'Nanotubes', 115, 67, 66, 210, 300, 14, 2, 1, 'a:1:{i:0;s:3:"260";}'),
(262, 'Bioplastiques', 108, 62, 65, 320, 140, 14, 2, 2, 'a:1:{i:0;s:3:"260";}'),
(263, 'Recherche en IA', 122, 56, 66, 420, 160, 14, 2, 3, 'a:1:{i:0;s:3:"260";}'),
(264, 'Transesterification avancée', 138, 54, 64, 390, 260, 14, 3, 1, 'a:2:{i:0;s:3:"261";i:1;s:3:"262";}'),
(265, 'Conduction Biologique', 136, 60, 65, 330, 250, 14, 3, 2, 'a:2:{i:0;s:3:"262";i:1;s:3:"263";}'),
(266, 'Robots controlés par la pensée', 158, 57, 70, 480, 180, 14, 4, 1, 'a:1:{i:0;s:3:"265";}'),
(267, 'Accouplement mécanique avancée', 140, 63, 71, 240, 140, 14, 4, 2, 'a:2:{i:0;s:3:"264";i:1;s:3:"265";}'),
(268, 'Habitations mobiles', 118, 67, 72, 220, 200, 14, 5, 1, 'a:2:{i:0;s:3:"266";i:1;s:3:"267";}');

-- --------------------------------------------------------

--
-- Structure de la table `stock`
--

CREATE TABLE IF NOT EXISTS `stock` (
  `id` int(11) NOT NULL AUTO_INCREMENT,
  `resource_id` int(11) NOT NULL,
  `player_id` int(11) NOT NULL,
  `amount` int(11) NOT NULL,
  `production` int(11) NOT NULL,
  `need` int(11) NOT NULL,
  `boost` tinyint(1) NOT NULL,
  PRIMARY KEY (`id`)
) ENGINE=MyISAM  DEFAULT CHARSET=utf8 AUTO_INCREMENT=7854 ;

--
-- Contenu de la table `stock`
--

INSERT INTO `stock` (`id`, `resource_id`, `player_id`, `amount`, `production`, `need`, `boost`) VALUES
(7714, 3, 140, 1, 20, 400, 0),
(7715, 4, 140, 0, 0, 0, 1),
(7716, 5, 140, 0, 0, 0, 0),
(7717, 6, 140, 0, 0, 0, 0),
(7718, 7, 140, 0, 0, 0, 0),
(7719, 8, 140, 0, 0, 0, 0),
(7720, 9, 140, 0, 0, 0, 0),
(7721, 10, 140, 0, 0, 0, 0),
(7722, 11, 140, 0, 0, 0, 0),
(7723, 12, 140, 0, 0, 0, 0),
(7724, 13, 140, 0, 0, 0, 0),
(7725, 14, 140, 0, 0, 0, 0),
(7726, 15, 140, 0, 0, 0, 0),
(7727, 16, 140, 0, 0, 0, 0),
(7728, 17, 140, 0, 0, 0, 0),
(7729, 18, 140, 0, 0, 0, 0),
(7730, 19, 140, 0, 0, 0, 0),
(7731, 20, 140, 10, 100, 0, 0),
(7732, 21, 140, 0, 0, 0, 0),
(7733, 22, 140, 0, 0, 0, 0),
(7734, 23, 140, 0, 0, 0, 0),
(7735, 24, 140, 0, 0, 0, 0),
(7736, 25, 140, 0, 0, 0, 0),
(7737, 26, 140, 0, 0, 0, 0),
(7738, 27, 140, 0, 0, 0, 0),
(7739, 28, 140, 0, 0, 0, 0),
(7740, 29, 140, 0, 0, 0, 0),
(7741, 30, 140, 0, 0, 0, 0),
(7742, 31, 140, 0, 0, 0, 0),
(7743, 32, 140, 0, 0, 0, 0),
(7744, 33, 140, 0, 0, 0, 0),
(7745, 34, 140, 0, 0, 0, 0),
(7746, 35, 140, 0, 0, 0, 0),
(7747, 36, 140, 0, 0, 0, 0),
(7748, 37, 140, 0, 0, 0, 0),
(7749, 38, 140, 0, 0, 0, 0),
(7750, 39, 140, 0, 0, 0, 0),
(7751, 40, 140, 0, 0, 0, 0),
(7752, 41, 140, 0, 0, 0, 0),
(7753, 42, 140, 0, 0, 0, 0),
(7754, 43, 140, 0, 0, 0, 0),
(7755, 44, 140, 0, 0, 0, 0),
(7756, 45, 140, 0, 0, 0, 0),
(7757, 46, 140, 0, 0, 0, 0),
(7758, 47, 140, 0, 0, 0, 0),
(7759, 48, 140, 0, 0, 0, 0),
(7760, 49, 140, 0, 0, 0, 0),
(7761, 50, 140, 0, 0, 0, 0),
(7762, 51, 140, 0, 0, 0, 0),
(7763, 52, 140, 0, 0, 0, 0),
(7764, 53, 140, 0, 0, 0, 0),
(7765, 54, 140, 0, 0, 0, 0),
(7766, 55, 140, 0, 0, 0, 0),
(7767, 56, 140, 0, 0, 0, 0),
(7768, 57, 140, 0, 0, 0, 0),
(7769, 58, 140, 0, 0, 0, 0),
(7770, 59, 140, 0, 0, 0, 0),
(7771, 60, 140, 0, 0, 0, 0),
(7772, 61, 140, 0, 0, 0, 0),
(7773, 62, 140, 0, 0, 0, 0),
(7774, 63, 140, 0, 0, 0, 0),
(7775, 64, 140, 0, 0, 0, 0),
(7776, 65, 140, 0, 0, 0, 0),
(7777, 66, 140, 0, 0, 0, 0),
(7778, 67, 140, 0, 0, 0, 0),
(7779, 68, 140, 4, 40, 10, 0),
(7780, 69, 140, 0, 40, 0, 0),
(7781, 70, 140, 0, 0, 0, 1),
(7782, 71, 140, 0, 200, 0, 1),
(7783, 72, 140, 0, 0, 0, 1),
(7784, 3, 143, 0, 0, 0, 0),
(7785, 4, 143, 0, 0, 0, 0),
(7786, 5, 143, 0, 0, 0, 0),
(7787, 6, 143, 0, 0, 0, 0),
(7788, 7, 143, 0, 0, 0, 0),
(7789, 8, 143, 0, 0, 0, 0),
(7790, 9, 143, 0, 0, 0, 0),
(7791, 10, 143, 0, 0, 0, 0),
(7792, 11, 143, 0, 0, 0, 0),
(7793, 12, 143, 0, 0, 0, 0),
(7794, 13, 143, 0, 0, 0, 0),
(7795, 14, 143, 0, 0, 0, 0),
(7796, 15, 143, 0, 0, 0, 0),
(7797, 16, 143, 0, 0, 0, 0),
(7798, 17, 143, 0, 0, 0, 0),
(7799, 18, 143, 0, 0, 0, 0),
(7800, 19, 143, 0, 0, 0, 0),
(7801, 20, 143, 0, 0, 0, 0),
(7802, 21, 143, 0, 0, 0, 0),
(7803, 22, 143, 0, 0, 0, 0),
(7804, 23, 143, 0, 0, 0, 0),
(7805, 24, 143, 0, 0, 0, 0),
(7806, 25, 143, 0, 0, 0, 0),
(7807, 26, 143, 0, 0, 0, 0),
(7808, 27, 143, 0, 0, 0, 0),
(7809, 28, 143, 0, 0, 0, 0),
(7810, 29, 143, 0, 0, 0, 0),
(7811, 30, 143, 0, 0, 0, 0),
(7812, 31, 143, 0, 0, 0, 0),
(7813, 32, 143, 0, 0, 0, 0),
(7814, 33, 143, 0, 0, 0, 0),
(7815, 34, 143, 0, 0, 0, 0),
(7816, 35, 143, 0, 0, 0, 0),
(7817, 36, 143, 0, 0, 0, 0),
(7818, 37, 143, 0, 0, 0, 0),
(7819, 38, 143, 0, 0, 0, 0),
(7820, 39, 143, 0, 0, 0, 0),
(7821, 40, 143, 0, 0, 0, 0),
(7822, 41, 143, 0, 0, 0, 0),
(7823, 42, 143, 0, 0, 0, 0),
(7824, 43, 143, 0, 0, 0, 0),
(7825, 44, 143, 0, 0, 0, 0),
(7826, 45, 143, 0, 0, 0, 0),
(7827, 46, 143, 0, 0, 0, 0),
(7828, 47, 143, 0, 0, 0, 0),
(7829, 48, 143, 0, 0, 0, 0),
(7830, 49, 143, 0, 0, 0, 0),
(7831, 50, 143, 0, 0, 0, 0),
(7832, 51, 143, 0, 0, 0, 0),
(7833, 52, 143, 0, 0, 0, 0),
(7834, 53, 143, 0, 0, 0, 0),
(7835, 54, 143, 0, 0, 0, 0),
(7836, 55, 143, 0, 0, 0, 0),
(7837, 56, 143, 0, 0, 0, 0),
(7838, 57, 143, 0, 0, 0, 0),
(7839, 58, 143, 0, 0, 0, 0),
(7840, 59, 143, 0, 0, 0, 0),
(7841, 60, 143, 0, 0, 0, 0),
(7842, 61, 143, 0, 0, 0, 0),
(7843, 62, 143, 0, 0, 0, 0),
(7844, 63, 143, 0, 0, 0, 0),
(7845, 64, 143, 0, 0, 0, 0),
(7846, 65, 143, 0, 0, 0, 0),
(7847, 66, 143, 0, 0, 0, 0),
(7848, 67, 143, 0, 0, 0, 0),
(7849, 68, 143, 0, 0, 0, 0),
(7850, 69, 143, 0, 0, 0, 0),
(7851, 70, 143, 0, 0, 0, 0),
(7852, 71, 143, 0, 0, 0, 0),
(7853, 72, 143, 0, 0, 0, 0);

-- --------------------------------------------------------

--
-- Structure de la table `world`
--

CREATE TABLE IF NOT EXISTS `world` (
  `id` int(11) NOT NULL AUTO_INCREMENT,
  `name` varchar(15) NOT NULL,
  PRIMARY KEY (`id`)
) ENGINE=MyISAM  DEFAULT CHARSET=utf8 AUTO_INCREMENT=18 ;

--
-- Contenu de la table `world`
--

INSERT INTO `world` (`id`, `name`) VALUES
(1, 'Arvahall'),
(2, 'Brisgard'),
(3, 'Cirgard'),
(4, 'Dinegu'),
(5, 'East-nagach'),
(6, 'Fel dranghyr'),
(7, 'Greifental'),
(8, 'Houndsmoor'),
(9, 'Jaims'),
(10, 'Langendorn'),
(11, 'Mount killmore'),
(12, 'Noarsil'),
(13, 'Odhrorvar'),
(14, 'Parkog'),
(15, 'Qunrir'),
(16, 'Rugnir'),
(17, 'Tuulech');

/*!40101 SET CHARACTER_SET_CLIENT=@OLD_CHARACTER_SET_CLIENT */;
/*!40101 SET CHARACTER_SET_RESULTS=@OLD_CHARACTER_SET_RESULTS */;
/*!40101 SET COLLATION_CONNECTION=@OLD_COLLATION_CONNECTION */;
